student_id,batch,gender,branch,tenth_pct,twelfth_or_diploma_pct,cgpa,active_backlogs,backlog_history,coding_problems_solved,aptitude_score_pct,communication_score,projects_count,project_quality_score,internships_count,internship_months,certifications_count,hackathons_count,club_roles_count,github_public_repos,github_contributions_last_year,github_stars_count,linkedin_connections_count,linkedin_profile_score,placed
STU-1000,Batch 2024,Female,Computer Science,64.5,74.7,6.73,0,0,26,67.8,4.4,2,3.0,1,2,1,2,0,3,88,0,245,2.6,1
STU-1001,Batch 2025,Male,Computer Science,68.3,65.3,7.63,0,1,147,75.1,3.0,1,3.5,0,0,1,0,0,1,171,15,294,3.7,0
STU-1002,Batch 2025,Male,Computer Science,90.0,73.2,8.72,0,0,42,69.2,2.4,2,1.5,1,2,1,1,0,1,10,0,157,3.6,0
STU-1003,Batch 2024,Male,Computer Science,71.4,66.8,6.86,0,0,78,58.0,3.3,2,1.1,1,2,1,0,0,20,127,0,500,3.5,0
STU-1004,Batch 2023,Male,Computer Science,67.5,67.6,5.34,3,3,20,42.5,3.5,2,3.5,0,0,1,1,0,3,368,0,134,3.5,0
STU-1005,Batch 2023,Female,Information Tech,83.4,73.4,8.08,0,1,353,58.1,2.0,2,3.6,2,12,1,0,1,20,43,0,500,3.5,1
STU-1006,Batch 2023,Female,Computer Science,89.9,66.3,6.7,0,0,210,48.5,3.7,2,5.0,1,3,2,0,0,1,100,0,486,4.3,1
STU-1007,Batch 2025,Male,Information Tech,85.2,71.6,6.09,1,1,219,91.9,2.6,3,3.3,0,0,1,1,0,6,505,5,446,4.1,1
STU-1008,Batch 2024,Male,Information Tech,88.0,54.2,6.71,0,1,57,66.4,4.8,2,3.9,0,0,1,0,0,3,101,2,223,3.9,0
STU-1009,Batch 2025,Other,Electronics,70.4,77.3,7.2,0,0,158,63.2,3.8,1,3.0,2,4,2,1,0,6,80,5,368,1.2,1
STU-1010,Batch 2023,Male,Computer Science,63.8,75.0,6.73,0,0,17,80.4,3.1,1,3.5,1,2,1,1,0,6,105,5,141,3.8,0
STU-1011,Batch 2025,Male,Electronics,93.0,66.0,5.0,0,0,1,52.3,2.8,1,4.7,0,0,0,0,1,1,132,0,448,2.3,0
STU-1012,Batch 2025,Male,Electronics,74.8,82.3,8.39,0,0,2,57.3,3.3,1,1.3,0,0,2,0,0,12,180,2,310,4.1,1
STU-1013,Batch 2023,Female,Computer Science,75.5,85.3,8.8,0,1,97,69.0,3.9,1,3.6,1,6,0,2,0,1,290,0,263,4.8,0
STU-1014,Batch 2023,Female,Mechanical,91.3,57.3,8.12,0,0,67,82.4,3.4,1,5.0,1,6,1,1,1,6,108,5,149,2.9,1
STU-1015,Batch 2023,Male,Civil,83.6,66.6,6.15,0,1,80,75.0,3.2,2,3.5,1,2,2,0,0,20,306,0,20,3.4,1
STU-1016,Batch 2024,Male,Computer Science,82.6,66.5,7.18,0,0,1,71.5,3.4,3,4.7,0,0,3,0,0,12,137,0,175,3.1,1
STU-1017,Batch 2024,Female,Computer Science,98.0,64.7,7.39,0,0,60,69.1,2.9,1,2.6,1,2,0,1,0,20,74,0,476,4.6,1
STU-1018,Batch 2024,Female,Mechanical,71.6,84.1,8.06,0,1,139,73.6,3.1,2,3.2,0,0,1,0,0,3,193,0,264,3.7,1
STU-1019,Batch 2023,Male,Electronics,87.3,72.9,8.14,0,0,64,70.8,1.7,2,3.2,0,0,1,0,1,1,228,0,296,5.0,1
STU-1020,Batch 2024,Female,Computer Science,78.6,72.1,6.59,0,0,145,53.6,4.2,0,1.2,1,2,0,0,0,1,147,0,412,3.9,0
STU-1021,Batch 2023,Male,Computer Science,80.7,53.0,7.49,0,0,29,68.6,3.6,3,2.1,3,9,0,2,0,3,10,2,500,3.8,0
STU-1022,Batch 2023,Male,Information Tech,93.3,82.0,7.9,0,1,185,53.0,2.8,2,2.2,0,0,1,1,1,6,34,5,500,3.7,1
STU-1023,Batch 2024,Female,Information Tech,83.1,61.4,9.0,0,0,98,69.1,4.9,1,3.9,1,3,1,3,0,1,60,0,184,4.3,1
STU-1024,Batch 2024,Male,Electronics,83.4,75.7,8.17,0,0,26,61.3,3.5,2,4.0,1,6,0,1,0,6,60,0,48,2.2,0
STU-1025,Batch 2025,Female,Information Tech,88.7,78.1,8.27,0,0,30,98.0,2.6,1,3.5,1,2,1,2,0,3,201,5,500,3.7,1
STU-1026,Batch 2023,Male,Information Tech,74.4,90.0,7.49,0,0,109,67.4,4.1,2,3.9,2,4,1,0,0,3,10,0,500,3.5,1
STU-1027,Batch 2024,Male,Electronics,69.6,60.6,8.95,0,0,195,48.3,3.7,0,3.1,1,3,2,1,2,6,254,5,346,4.2,1
STU-1028,Batch 2024,Other,Computer Science,67.6,48.0,7.85,0,0,59,66.1,3.7,3,4.3,0,0,2,0,1,3,56,0,142,3.4,1
STU-1029,Batch 2023,Male,Computer Science,58.3,77.0,6.45,1,1,33,75.3,3.1,2,3.2,3,6,1,1,0,12,67,2,455,2.8,0
STU-1030,Batch 2024,Female,Electronics,98.0,94.8,8.94,0,0,222,91.4,3.8,2,3.3,1,2,3,0,0,1,135,2,305,3.6,1
STU-1031,Batch 2023,Male,Mechanical,67.0,88.6,8.17,1,1,122,59.7,3.2,1,3.0,2,4,2,0,0,6,44,2,304,2.7,0
STU-1032,Batch 2023,Male,Information Tech,75.8,77.3,6.91,0,1,65,45.8,3.8,2,3.8,1,3,0,2,0,1,388,5,445,2.1,1
STU-1033,Batch 2025,Male,Information Tech,75.2,69.6,6.87,0,0,74,79.4,1.9,2,2.8,2,4,0,2,0,1,16,0,367,4.2,1
STU-1034,Batch 2025,Female,Computer Science,81.1,83.9,7.73,0,1,25,48.7,3.1,2,4.1,0,0,1,0,0,6,106,0,154,4.1,0
STU-1035,Batch 2025,Male,Information Tech,86.2,64.3,7.91,0,0,108,61.9,4.8,2,2.2,0,0,1,1,1,12,341,2,275,4.0,1
STU-1036,Batch 2024,Female,Information Tech,86.6,80.2,7.62,1,1,49,64.4,2.8,2,2.2,2,4,1,0,1,3,172,5,413,4.6,0
STU-1037,Batch 2023,Male,Computer Science,72.2,80.6,7.74,0,1,598,67.0,2.9,3,3.8,0,0,1,0,0,3,62,0,391,3.1,1
STU-1038,Batch 2025,Female,Computer Science,76.3,86.7,9.27,0,0,72,77.6,3.0,2,3.1,0,0,1,1,0,3,98,5,357,2.5,1
STU-1039,Batch 2024,Male,Information Tech,80.8,97.0,8.58,0,0,73,58.4,2.4,3,2.8,1,2,1,0,0,3,221,0,451,3.5,1
STU-1040,Batch 2023,Female,Computer Science,75.5,79.3,7.61,0,1,92,64.2,1.6,3,4.0,2,6,0,2,1,12,652,0,269,3.3,1
STU-1041,Batch 2024,Female,Computer Science,94.1,69.4,8.44,0,0,273,67.8,3.2,2,2.7,0,0,2,0,1,6,403,2,345,2.9,1
STU-1042,Batch 2023,Female,Computer Science,82.9,74.7,6.26,2,2,177,70.1,3.5,1,3.0,2,6,0,1,2,1,75,0,20,3.5,0
STU-1043,Batch 2025,Female,Computer Science,85.3,55.5,7.84,1,1,66,69.4,3.4,2,4.5,1,2,3,1,0,3,1137,2,257,3.1,1
STU-1044,Batch 2023,Female,Computer Science,84.6,67.4,9.39,0,0,140,74.1,3.3,3,4.6,1,3,0,0,0,6,10,0,427,2.1,1
STU-1045,Batch 2025,Female,Mechanical,89.7,70.5,7.16,0,0,97,79.8,3.4,1,4.6,2,6,3,0,0,3,10,0,265,3.2,0
STU-1046,Batch 2024,Male,Information Tech,79.8,69.2,6.47,1,1,75,73.5,4.2,2,2.9,0,0,0,1,0,6,313,2,255,2.7,1
STU-1047,Batch 2024,Male,Electronics,65.0,76.7,6.68,0,0,23,74.4,3.2,3,4.3,0,0,0,1,0,1,40,2,174,3.8,0
STU-1048,Batch 2024,Female,Electronics,82.0,66.0,6.2,1,1,69,45.8,2.9,1,2.3,0,0,0,0,0,6,11,0,460,3.1,0
STU-1049,Batch 2023,Female,Information Tech,71.5,87.3,6.54,0,0,31,68.7,3.2,2,2.4,1,3,1,0,0,1,49,0,397,4.5,1
STU-1050,Batch 2025,Female,Computer Science,72.7,75.0,6.99,0,0,271,74.7,3.9,1,1.1,1,3,2,0,0,12,100,0,436,4.9,1
STU-1051,Batch 2025,Male,Information Tech,83.9,74.9,5.85,0,0,45,78.2,4.5,1,4.7,1,2,1,0,0,3,236,0,78,4.1,1
STU-1052,Batch 2025,Male,Information Tech,90.4,71.4,7.42,0,0,335,58.3,2.9,2,2.4,1,3,2,0,0,3,176,15,298,2.4,0
STU-1053,Batch 2025,Male,Electronics,78.2,76.7,8.39,1,1,84,58.8,3.5,0,3.1,1,2,1,0,0,12,49,5,281,4.8,0
STU-1054,Batch 2024,Female,Information Tech,81.1,84.1,6.4,1,1,110,60.0,3.7,1,2.4,1,2,1,1,0,1,126,0,281,4.9,0
STU-1055,Batch 2025,Male,Computer Science,95.0,65.5,9.07,0,0,86,75.5,2.6,3,3.8,0,0,2,1,0,3,469,0,234,3.6,1
STU-1056,Batch 2023,Male,Computer Science,80.4,67.8,7.96,0,0,15,82.5,3.4,1,2.9,0,0,0,2,0,3,304,15,272,4.7,1
STU-1057,Batch 2023,Male,Information Tech,98.0,71.7,8.53,0,1,52,62.3,2.2,4,2.0,2,4,0,1,0,3,70,2,439,3.2,1
STU-1058,Batch 2023,Male,Electronics,83.7,60.2,6.68,0,0,11,80.7,2.0,4,3.6,0,0,2,2,2,12,726,2,52,2.1,1
STU-1059,Batch 2024,Female,Information Tech,60.4,66.0,8.34,0,0,107,69.7,3.7,1,1.9,0,0,2,0,0,6,222,2,500,3.0,1
STU-1060,Batch 2024,Male,Information Tech,85.5,69.8,6.2,3,3,65,66.3,3.1,0,2.4,1,2,3,1,0,1,12,0,388,5.0,0
STU-1061,Batch 2023,Female,Civil,81.8,84.6,8.38,0,0,166,65.0,3.6,2,1.3,0,0,2,3,0,6,10,0,314,2.4,1
STU-1062,Batch 2025,Male,Electronics,90.9,77.9,7.59,0,1,27,78.5,3.4,2,1.9,2,12,0,1,1,3,33,15,447,3.6,1
STU-1063,Batch 2024,Male,Computer Science,84.7,77.1,8.01,0,1,20,72.6,2.6,1,3.4,0,0,2,0,0,12,234,2,117,3.6,1
STU-1064,Batch 2023,Male,Computer Science,76.6,84.4,6.11,1,1,57,98.0,3.4,2,1.4,0,0,1,1,0,3,37,0,227,3.2,0
STU-1065,Batch 2024,Male,Computer Science,65.8,73.5,6.42,1,1,287,56.1,2.4,0,1.9,0,0,3,2,0,6,129,0,303,3.2,0
STU-1066,Batch 2023,Male,Computer Science,75.9,79.3,8.06,0,1,136,75.3,4.5,3,3.2,1,2,1,1,1,3,18,0,500,3.7,1
STU-1067,Batch 2025,Male,Computer Science,69.5,73.9,6.36,0,1,60,60.6,2.3,1,2.7,0,0,1,0,1,3,457,2,313,3.2,0
STU-1068,Batch 2023,Female,Computer Science,72.2,77.9,7.91,0,0,80,55.8,3.2,1,5.0,1,6,1,1,0,3,76,0,383,2.5,1
STU-1069,Batch 2025,Male,Computer Science,83.9,68.6,5.9,1,1,10,67.8,2.6,1,4.9,2,6,0,3,1,3,430,0,237,3.8,0
STU-1070,Batch 2025,Female,Computer Science,94.7,48.2,8.33,0,0,459,69.9,3.9,4,2.4,2,4,0,0,1,6,522,15,388,4.5,1
STU-1071,Batch 2023,Female,Mechanical,81.9,73.5,6.04,1,2,121,98.0,3.1,2,3.7,0,0,2,1,0,3,10,0,500,4.3,0
STU-1072,Batch 2023,Female,Computer Science,66.0,90.7,8.01,0,0,37,65.4,3.0,3,3.9,1,2,2,0,0,20,112,0,459,3.0,1
STU-1073,Batch 2025,Male,Information Tech,82.4,85.2,8.09,1,1,97,52.2,4.1,1,2.7,1,6,0,1,0,3,10,0,309,2.6,0
STU-1074,Batch 2025,Male,Information Tech,90.0,85.6,6.63,0,0,13,71.8,3.4,1,1.9,2,4,2,1,1,6,431,0,415,3.4,1
STU-1075,Batch 2025,Male,Civil,71.9,88.6,8.04,0,0,371,39.0,3.8,1,3.2,3,6,1,0,0,12,132,0,401,4.9,1
STU-1076,Batch 2025,Male,Computer Science,76.7,76.0,7.69,0,0,21,66.7,2.6,2,3.0,0,0,1,0,2,6,14,15,391,4.1,1
STU-1077,Batch 2023,Other,Information Tech,78.1,77.2,6.81,0,1,115,68.2,2.3,2,2.8,1,6,0,1,0,12,21,5,476,4.2,1
STU-1078,Batch 2024,Male,Civil,70.2,68.2,6.29,2,2,31,79.1,3.5,2,3.6,0,0,2,0,0,12,87,0,475,4.3,0
STU-1079,Batch 2023,Male,Mechanical,84.5,71.5,5.24,1,1,139,81.6,3.1,1,2.5,0,0,1,0,1,3,507,0,302,3.9,1
STU-1080,Batch 2025,Female,Mechanical,76.8,81.8,7.78,1,1,165,61.0,3.9,3,2.2,0,0,1,1,0,6,213,2,410,3.7,0
STU-1081,Batch 2024,Female,Computer Science,82.2,88.2,5.68,3,3,123,65.9,3.3,1,3.3,1,6,1,0,0,1,364,0,266,4.1,1
STU-1082,Batch 2024,Female,Computer Science,69.1,73.5,7.5,0,0,105,57.3,3.6,4,3.5,1,2,0,0,0,3,82,0,191,3.2,1
STU-1083,Batch 2023,Male,Electronics,73.6,70.0,7.11,0,0,245,52.2,2.1,0,2.1,0,0,1,2,0,3,10,15,282,2.5,0
STU-1084,Batch 2024,Male,Civil,85.2,75.0,8.15,0,0,9,72.3,4.9,2,4.0,1,2,0,0,0,6,659,0,309,4.2,1
STU-1085,Batch 2024,Male,Information Tech,74.3,81.6,7.07,0,0,44,50.2,3.3,1,1.6,0,0,0,0,0,3,10,0,87,4.6,1
STU-1086,Batch 2025,Male,Information Tech,95.3,59.1,7.04,0,0,31,62.2,4.0,2,2.7,1,2,1,1,0,3,531,0,440,2.7,0
STU-1087,Batch 2024,Male,Computer Science,74.0,49.7,8.21,1,1,487,54.1,2.7,2,3.0,0,0,2,1,2,3,83,0,20,4.3,0
STU-1088,Batch 2025,Male,Electronics,80.2,68.9,7.77,0,1,54,75.7,3.6,2,2.6,0,0,1,2,2,20,10,0,500,4.9,0
STU-1089,Batch 2024,Male,Computer Science,87.3,61.6,7.75,0,1,145,93.2,2.4,2,2.7,0,0,0,2,0,1,210,0,500,3.6,1
STU-1090,Batch 2023,Male,Computer Science,63.8,69.4,7.92,0,0,127,49.8,3.8,2,4.9,0,0,1,1,1,1,709,0,283,2.9,1
STU-1091,Batch 2025,Male,Information Tech,60.4,73.4,5.71,1,1,26,42.1,3.1,2,2.4,1,3,2,0,0,3,607,2,321,3.7,0
STU-1092,Batch 2025,Female,Information Tech,62.7,70.0,8.23,0,1,30,66.3,3.4,3,5.0,0,0,1,0,0,20,32,0,362,3.2,1
STU-1093,Batch 2024,Female,Computer Science,90.6,91.0,8.07,0,0,36,68.2,4.0,1,3.6,1,3,2,0,0,20,36,0,238,3.1,1
STU-1094,Batch 2025,Female,Computer Science,72.5,78.6,6.28,1,2,58,71.1,2.4,2,3.3,0,0,1,0,2,6,150,2,347,3.9,0
STU-1095,Batch 2024,Male,Electronics,98.0,78.3,7.13,0,1,29,61.8,2.9,2,3.6,1,3,2,1,2,12,183,5,300,2.3,1
STU-1096,Batch 2024,Male,Computer Science,72.4,81.8,7.36,0,0,2,65.2,3.8,1,5.0,1,6,0,1,0,3,242,0,307,2.4,1
STU-1097,Batch 2024,Male,Information Tech,79.8,62.5,7.25,1,1,233,73.1,5.0,2,2.3,0,0,0,0,0,20,36,0,345,3.6,0
STU-1098,Batch 2023,Female,Computer Science,93.4,86.4,7.77,0,1,371,82.6,3.3,1,2.2,1,3,0,1,0,1,575,0,136,3.6,1
STU-1099,Batch 2023,Female,Information Tech,98.0,74.2,8.97,0,0,46,40.6,3.9,1,2.5,0,0,1,0,0,1,183,2,326,3.9,0
STU-1100,Batch 2023,Male,Information Tech,98.0,82.4,8.59,0,0,45,62.8,3.3,1,3.2,1,2,2,0,0,1,338,0,343,5.0,1
STU-1101,Batch 2024,Female,Computer Science,90.1,63.2,5.96,1,1,1,71.0,5.0,1,1.6,0,0,2,1,0,6,140,0,338,3.7,0
STU-1102,Batch 2024,Male,Computer Science,88.2,57.9,8.08,0,0,125,55.1,2.0,2,3.2,1,2,0,0,1,6,96,0,290,4.1,0
STU-1103,Batch 2024,Male,Computer Science,83.9,84.0,8.86,0,0,192,92.2,3.5,2,4.7,1,2,0,0,0,3,680,0,479,2.8,1
STU-1104,Batch 2025,Female,Computer Science,85.8,79.1,7.83,0,0,17,59.1,2.1,4,3.3,2,4,0,0,2,20,157,0,270,4.2,1
STU-1105,Batch 2023,Female,Civil,72.5,65.1,8.6,0,1,19,67.4,1.4,2,2.9,1,2,0,0,0,3,363,0,352,3.2,1
STU-1106,Batch 2024,Female,Computer Science,69.8,65.4,9.61,0,0,172,75.8,3.6,0,2.6,1,6,1,1,0,1,551,5,500,3.7,1
STU-1107,Batch 2025,Female,Mechanical,78.0,87.4,8.53,0,0,105,59.7,3.5,3,4.0,0,0,2,2,1,3,203,2,309,3.5,0
STU-1108,Batch 2023,Male,Computer Science,76.3,61.9,7.67,0,0,5,42.1,3.2,3,2.5,2,6,3,0,1,6,143,0,350,4.4,1
STU-1109,Batch 2023,Female,Electronics,73.5,93.1,8.55,0,0,107,62.0,3.3,2,4.9,1,2,1,0,0,12,10,0,307,2.6,1
STU-1110,Batch 2023,Male,Electronics,85.0,65.1,7.56,0,0,41,82.4,5.0,2,4.9,0,0,2,1,0,3,10,0,493,1.8,0
STU-1111,Batch 2023,Female,Information Tech,87.6,82.0,7.43,0,1,51,63.3,3.2,4,3.4,2,12,1,2,2,6,40,0,284,3.4,0
STU-1112,Batch 2025,Male,Information Tech,78.9,71.4,7.01,0,1,162,56.1,3.8,2,3.2,0,0,0,0,0,3,37,5,500,4.0,0
STU-1113,Batch 2025,Female,Information Tech,92.8,81.6,9.12,1,1,183,81.0,2.9,3,4.1,1,3,1,0,0,6,53,50,305,3.7,1
STU-1114,Batch 2024,Male,Computer Science,66.6,69.0,6.5,1,1,56,63.4,3.6,0,4.2,1,2,1,1,0,20,65,0,200,4.6,1
STU-1115,Batch 2025,Female,Civil,76.1,73.2,9.09,1,1,323,60.9,3.2,1,2.5,0,0,1,1,1,1,80,0,415,3.9,1
STU-1116,Batch 2025,Male,Mechanical,70.8,75.5,7.95,0,0,57,70.1,3.1,2,2.7,1,6,0,0,1,12,98,0,277,3.1,1
STU-1117,Batch 2023,Female,Civil,59.3,64.0,5.86,1,1,163,78.8,4.9,2,2.0,0,0,0,1,2,6,19,2,407,1.7,0
STU-1118,Batch 2025,Male,Computer Science,77.2,83.1,7.8,0,0,73,98.0,4.3,3,3.6,0,0,0,0,0,3,10,2,20,3.4,1
STU-1119,Batch 2024,Male,Electronics,76.8,69.4,5.09,1,2,251,79.6,3.5,4,3.8,0,0,3,0,0,20,202,5,321,4.4,1
STU-1120,Batch 2025,Male,Civil,93.1,72.5,8.09,0,0,262,84.2,1.6,1,2.0,1,6,1,0,0,3,139,2,256,3.3,1
STU-1121,Batch 2025,Male,Computer Science,84.3,64.1,8.37,0,0,10,60.9,3.1,0,2.8,0,0,2,2,1,3,106,0,171,3.6,1
STU-1122,Batch 2024,Female,Computer Science,67.8,48.0,6.75,0,0,303,53.6,5.0,3,2.0,0,0,2,0,0,1,181,2,243,3.9,1
STU-1123,Batch 2023,Male,Electronics,96.5,72.9,7.54,0,0,192,68.9,3.2,2,2.4,1,2,0,0,0,3,317,2,240,2.8,1
STU-1124,Batch 2023,Female,Information Tech,90.2,97.0,9.55,0,0,172,69.5,4.3,1,3.7,0,0,1,0,0,12,100,2,313,4.1,1
STU-1125,Batch 2024,Male,Mechanical,83.8,83.6,6.84,0,0,25,52.9,4.6,2,2.5,0,0,2,2,0,6,184,0,129,4.9,1
STU-1126,Batch 2025,Male,Computer Science,75.7,74.8,6.24,1,1,180,65.5,3.6,2,2.9,0,0,1,0,1,12,553,2,364,3.5,1
STU-1127,Batch 2025,Female,Electronics,68.4,72.1,9.03,0,0,209,73.6,2.7,2,1.7,0,0,2,0,0,3,329,2,500,2.7,1
STU-1128,Batch 2023,Female,Computer Science,74.3,75.2,9.56,0,0,38,73.0,1.5,2,3.4,1,3,0,0,2,1,100,2,359,3.5,1
STU-1129,Batch 2024,Male,Computer Science,88.9,81.0,7.4,0,0,335,75.1,3.9,1,3.2,0,0,0,1,0,1,186,2,433,1.8,0
STU-1130,Batch 2024,Female,Computer Science,96.8,62.0,8.51,0,0,6,72.1,2.7,4,2.5,3,6,2,0,2,3,35,2,473,3.9,0
STU-1131,Batch 2023,Female,Mechanical,93.4,87.3,8.88,0,0,18,60.9,3.5,2,3.0,1,2,2,0,1,20,148,2,493,4.0,1
STU-1132,Batch 2023,Male,Electronics,73.1,82.9,6.58,0,1,85,60.8,2.4,2,3.4,0,0,3,0,0,6,717,2,500,4.9,0
STU-1133,Batch 2024,Other,Information Tech,66.8,82.9,6.87,0,0,94,51.2,3.2,1,2.5,0,0,1,2,2,3,131,2,250,3.4,0
STU-1134,Batch 2025,Female,Information Tech,79.4,79.8,8.75,0,0,114,93.0,3.4,2,1.9,0,0,2,0,0,12,473,0,219,3.9,1
STU-1135,Batch 2024,Female,Mechanical,60.3,75.2,9.25,0,0,2,68.2,3.6,1,4.8,1,2,2,1,1,6,94,0,430,2.9,0
STU-1136,Batch 2024,Male,Information Tech,81.2,82.4,8.02,0,0,355,64.9,2.5,1,2.6,0,0,2,2,1,1,1200,0,419,3.3,1
STU-1137,Batch 2025,Female,Mechanical,76.5,81.5,6.43,1,1,5,55.0,4.4,2,3.1,0,0,1,2,1,12,156,2,429,2.4,0
STU-1138,Batch 2024,Male,Information Tech,73.3,71.1,9.59,0,0,17,98.0,2.9,1,4.1,2,6,0,0,0,3,10,2,500,3.4,1
STU-1139,Batch 2025,Male,Information Tech,62.1,68.7,6.82,0,0,2,53.0,2.1,2,5.0,0,0,2,3,0,1,159,15,322,3.4,0
STU-1140,Batch 2025,Male,Information Tech,83.1,76.1,7.03,0,0,92,62.0,3.3,1,2.1,0,0,1,0,0,3,58,0,380,3.8,0
STU-1141,Batch 2023,Male,Computer Science,72.7,92.0,7.78,1,2,296,73.8,3.4,2,3.6,2,6,1,0,0,3,10,0,183,3.1,1
STU-1142,Batch 2024,Female,Electronics,66.3,61.4,9.11,0,0,121,76.4,3.5,1,2.6,1,3,1,2,1,3,310,0,500,3.7,1
STU-1143,Batch 2024,Female,Information Tech,50.0,58.9,8.34,0,1,190,81.4,4.5,0,2.7,0,0,1,0,1,3,58,0,273,3.3,1
STU-1144,Batch 2023,Female,Computer Science,77.7,76.8,7.86,0,0,1,93.3,3.2,1,2.6,1,2,1,0,2,1,287,2,277,3.3,1
STU-1145,Batch 2023,Male,Mechanical,95.7,75.6,7.91,1,1,86,75.1,3.3,3,2.2,0,0,0,0,0,6,61,0,271,3.7,0
STU-1146,Batch 2024,Male,Information Tech,94.6,76.9,7.45,0,1,68,53.2,2.5,3,3.2,1,3,2,1,1,20,39,2,230,3.6,0
STU-1147,Batch 2024,Male,Information Tech,73.4,77.7,8.01,0,0,76,64.4,4.1,1,1.9,1,2,1,0,2,6,656,2,218,4.2,1
STU-1148,Batch 2023,Other,Civil,72.0,72.5,5.0,1,1,8,72.3,3.5,2,4.1,1,2,1,1,1,3,81,0,247,3.5,0
STU-1149,Batch 2023,Male,Electronics,82.7,91.4,7.07,0,0,127,97.0,3.1,2,3.2,2,6,0,2,0,3,166,5,129,3.3,1
STU-1150,Batch 2025,Female,Computer Science,68.0,57.4,7.67,0,0,77,48.4,1.9,4,3.6,2,6,0,1,0,3,169,0,210,3.5,1
STU-1151,Batch 2023,Female,Civil,81.0,65.9,6.13,0,0,159,84.8,4.6,1,2.8,2,6,0,0,0,1,148,0,500,3.0,1
STU-1152,Batch 2023,Male,Electronics,85.7,73.9,7.82,0,0,73,70.5,2.4,2,2.9,1,3,1,2,0,6,443,5,423,3.3,1
STU-1153,Batch 2024,Female,Computer Science,90.3,56.9,7.18,0,1,18,79.7,2.9,0,3.5,0,0,0,0,0,6,202,5,450,5.0,0
STU-1154,Batch 2025,Male,Computer Science,77.0,73.1,9.33,0,0,115,66.6,3.7,1,2.2,1,6,2,0,2,6,93,0,485,2.9,1
STU-1155,Batch 2023,Female,Electronics,76.0,93.3,9.13,0,1,21,56.2,2.4,4,2.9,1,6,0,0,0,6,357,0,500,3.4,1
STU-1156,Batch 2025,Female,Electronics,69.2,75.2,6.89,1,2,226,78.5,2.2,2,2.4,2,6,0,0,0,3,36,0,72,3.3,0
STU-1157,Batch 2025,Male,Information Tech,69.7,77.5,7.23,0,0,104,77.2,1.7,1,2.4,0,0,0,0,0,3,141,0,148,3.4,1
STU-1158,Batch 2023,Male,Mechanical,75.7,61.1,7.32,0,0,19,81.6,4.0,1,1.3,2,12,0,0,1,6,541,15,207,3.3,1
STU-1159,Batch 2025,Female,Electronics,81.7,68.2,6.9,0,1,361,67.8,3.0,2,4.4,1,2,2,0,2,3,177,2,254,3.8,1
STU-1160,Batch 2024,Female,Computer Science,87.1,70.9,7.61,0,1,80,59.6,5.0,2,2.6,3,6,2,0,1,3,306,0,278,2.2,1
STU-1161,Batch 2024,Male,Computer Science,70.0,71.5,6.57,1,1,8,46.2,2.6,1,4.2,2,4,1,1,0,3,191,5,257,4.4,1
STU-1162,Batch 2024,Female,Computer Science,92.9,89.1,6.16,0,0,108,79.5,2.7,4,4.2,0,0,0,1,0,3,329,0,351,4.1,1
STU-1163,Batch 2024,Female,Electronics,75.3,81.1,8.08,0,0,32,73.9,2.9,0,2.0,0,0,0,1,1,1,520,0,325,2.6,0
STU-1164,Batch 2023,Female,Computer Science,77.8,62.8,8.09,0,0,179,54.5,3.6,1,2.2,0,0,1,0,0,12,57,15,219,1.8,0
STU-1165,Batch 2025,Male,Information Tech,70.5,77.7,6.52,0,0,187,60.5,3.0,3,5.0,0,0,3,0,0,12,33,5,20,2.8,1
STU-1166,Batch 2024,Female,Electronics,53.8,80.5,8.38,0,0,425,61.5,3.9,1,4.8,1,3,0,3,0,3,119,5,181,3.4,1
STU-1167,Batch 2023,Female,Mechanical,86.8,87.5,6.71,0,0,77,47.2,2.6,1,3.2,1,2,1,0,0,1,218,2,243,5.0,1
STU-1168,Batch 2023,Male,Computer Science,85.4,92.4,7.68,0,0,67,56.6,2.3,2,3.4,2,4,1,2,1,6,46,2,285,4.0,1
STU-1169,Batch 2024,Male,Mechanical,75.2,63.8,8.3,1,1,154,52.1,2.0,3,2.6,1,3,0,0,0,3,10,0,162,2.2,0
STU-1170,Batch 2025,Female,Computer Science,78.7,66.1,7.36,1,1,16,62.2,1.6,1,3.6,0,0,1,2,0,3,76,2,251,3.0,0
STU-1171,Batch 2023,Male,Mechanical,83.2,61.2,7.9,0,0,87,57.7,3.0,3,2.6,0,0,0,0,0,1,624,50,162,3.6,0
STU-1172,Batch 2024,Female,Computer Science,62.4,72.4,6.83,0,0,87,45.2,3.2,2,1.4,0,0,2,0,0,3,214,0,302,3.8,0
STU-1173,Batch 2023,Male,Information Tech,72.7,80.1,7.18,0,0,10,96.3,2.9,1,2.0,0,0,0,1,0,6,92,2,170,2.5,0
STU-1174,Batch 2024,Male,Electronics,85.9,85.9,7.17,0,0,60,85.5,4.4,2,3.2,1,2,1,0,0,12,39,0,201,3.5,1
STU-1175,Batch 2023,Female,Computer Science,65.5,74.2,6.58,0,0,211,57.1,4.4,1,2.2,0,0,0,0,0,3,79,0,137,3.0,1
STU-1176,Batch 2025,Male,Computer Science,80.9,71.5,7.21,0,1,213,71.8,3.1,2,3.1,0,0,3,0,0,3,34,2,299,2.7,1
STU-1177,Batch 2024,Male,Electronics,64.4,76.7,5.7,2,2,11,73.8,2.0,2,2.2,0,0,0,1,0,1,20,0,199,3.8,0
STU-1178,Batch 2025,Male,Electronics,82.7,65.8,6.86,0,0,10,84.7,2.9,4,2.5,1,6,2,0,0,1,427,2,447,4.2,1
STU-1179,Batch 2023,Female,Electronics,77.6,97.0,7.09,0,0,34,56.5,2.9,1,4.0,1,2,2,0,0,20,1090,0,377,4.3,1
STU-1180,Batch 2024,Male,Electronics,61.8,57.3,7.12,0,1,229,83.3,2.9,2,3.4,1,3,3,0,0,6,32,15,310,4.1,1
STU-1181,Batch 2023,Male,Information Tech,89.6,77.0,7.13,0,0,15,60.3,2.8,2,3.2,0,0,1,0,1,3,10,0,208,3.2,1
STU-1182,Batch 2025,Female,Computer Science,70.7,97.0,7.33,0,0,140,49.3,2.9,1,4.0,2,4,1,1,0,6,72,0,373,4.2,1
STU-1183,Batch 2025,Male,Computer Science,69.9,75.1,7.93,0,0,12,78.1,3.1,1,3.6,0,0,0,0,0,12,111,0,417,3.8,0
STU-1184,Batch 2023,Female,Computer Science,80.0,72.9,8.36,0,0,107,86.1,2.9,0,4.5,1,6,0,0,0,12,41,15,340,3.7,1
STU-1185,Batch 2025,Male,Civil,89.5,71.1,6.69,0,0,48,98.0,3.6,2,2.8,1,3,1,0,2,1,65,2,500,3.1,1
STU-1186,Batch 2025,Female,Information Tech,67.8,73.0,6.08,1,1,171,51.2,3.7,2,2.8,1,6,0,0,0,1,40,2,384,3.2,0
STU-1187,Batch 2024,Male,Information Tech,78.6,90.1,6.25,3,3,29,77.8,2.7,1,2.0,2,4,3,0,0,6,268,0,448,3.7,0
STU-1188,Batch 2024,Female,Information Tech,82.3,50.7,6.86,0,0,112,62.3,4.4,3,2.8,0,0,0,0,1,3,224,0,339,5.0,1
STU-1189,Batch 2023,Male,Civil,84.9,91.9,7.01,0,0,30,79.0,2.6,3,4.1,1,2,1,0,1,20,181,0,415,3.8,1
STU-1190,Batch 2023,Male,Computer Science,79.8,59.3,6.55,0,0,138,47.4,2.1,2,4.4,0,0,1,3,1,6,88,2,208,3.1,0
STU-1191,Batch 2025,Male,Information Tech,74.3,72.1,5.97,2,3,228,50.3,3.7,1,4.1,1,3,1,0,0,20,432,0,256,2.9,0
STU-1192,Batch 2025,Male,Information Tech,69.7,70.3,6.9,0,0,15,57.1,2.7,2,1.6,0,0,1,1,0,3,628,15,369,3.2,0
STU-1193,Batch 2024,Male,Electronics,78.9,81.5,7.6,0,1,222,69.1,3.7,1,4.2,0,0,0,0,0,12,34,2,368,5.0,1
STU-1194,Batch 2024,Male,Computer Science,67.3,57.4,8.05,1,1,99,59.0,1.5,1,1.5,1,2,1,0,2,3,45,0,391,3.3,0
STU-1195,Batch 2024,Female,Mechanical,50.0,80.1,6.79,1,1,15,77.2,4.5,2,4.0,1,2,0,0,0,20,134,0,474,4.3,0
STU-1196,Batch 2025,Male,Civil,82.4,97.0,6.95,0,0,61,82.4,3.9,0,2.9,0,0,2,0,0,1,17,2,121,3.3,1
STU-1197,Batch 2025,Male,Information Tech,87.0,60.0,6.38,1,2,19,76.4,2.2,0,3.8,1,2,2,3,2,3,103,0,184,3.8,0
STU-1198,Batch 2025,Female,Electronics,54.4,77.1,7.37,0,0,133,90.7,2.2,0,2.0,1,2,3,2,2,6,157,0,352,4.2,1
STU-1199,Batch 2025,Female,Civil,67.9,67.7,6.47,3,3,156,73.8,4.7,1,4.3,0,0,0,1,2,3,133,0,219,3.1,0
STU-1200,Batch 2024,Male,Electronics,84.2,79.7,8.03,1,1,12,51.0,2.8,0,1.9,1,2,0,1,1,3,72,2,500,3.1,1
STU-1201,Batch 2023,Male,Computer Science,98.0,75.2,5.44,0,0,78,87.1,2.7,4,2.6,1,3,0,0,2,20,141,2,392,4.9,1
STU-1202,Batch 2023,Male,Information Tech,78.2,67.9,7.0,0,0,185,59.5,1.6,1,2.3,1,2,0,0,0,3,574,0,309,4.4,0
STU-1203,Batch 2025,Female,Electronics,70.7,80.4,7.73,0,0,303,80.7,3.1,1,1.6,0,0,0,2,1,6,42,0,248,4.2,1
STU-1204,Batch 2024,Female,Information Tech,76.2,94.8,7.6,1,1,79,90.0,3.2,1,3.3,0,0,1,1,1,1,191,0,253,4.2,1
STU-1205,Batch 2023,Male,Electronics,91.7,72.9,9.9,0,0,330,74.4,4.0,3,4.8,1,2,0,0,0,12,10,2,324,4.0,1
STU-1206,Batch 2023,Female,Civil,71.5,82.9,7.78,0,0,84,47.1,2.3,2,5.0,2,12,1,0,0,6,12,0,336,5.0,1
STU-1207,Batch 2025,Female,Civil,70.0,60.8,6.3,1,1,55,55.1,2.2,1,3.3,1,3,2,0,2,3,144,0,256,3.6,0
STU-1208,Batch 2023,Female,Information Tech,73.2,64.5,7.29,0,0,207,86.5,3.8,3,4.2,0,0,1,2,0,1,20,15,282,4.1,1
STU-1209,Batch 2023,Female,Computer Science,68.5,80.2,5.45,1,1,75,65.6,4.2,1,3.4,1,6,0,0,1,6,10,15,500,2.4,0
STU-1210,Batch 2024,Male,Civil,79.2,91.3,7.31,0,0,70,69.1,2.1,1,3.6,2,4,0,0,0,1,34,50,500,2.9,1
STU-1211,Batch 2025,Male,Mechanical,94.2,78.9,6.48,1,1,74,78.6,4.3,1,2.9,0,0,1,0,0,1,150,5,355,2.6,1
STU-1212,Batch 2025,Male,Computer Science,81.2,71.6,8.41,1,2,206,77.7,3.4,1,3.4,3,9,0,1,0,6,219,0,132,4.6,1
STU-1213,Batch 2023,Male,Civil,75.5,75.0,6.8,0,1,196,71.9,4.3,1,3.7,2,6,1,0,0,1,41,0,395,1.6,1
STU-1214,Batch 2025,Male,Mechanical,75.1,61.2,7.27,0,1,57,65.1,3.3,2,2.7,0,0,0,1,0,1,199,0,500,3.3,1
STU-1215,Batch 2023,Female,Information Tech,62.4,81.6,6.7,0,0,45,63.6,1.4,1,3.1,2,4,2,0,0,6,36,0,500,1.2,0
STU-1216,Batch 2024,Male,Information Tech,86.8,84.7,9.31,0,0,74,80.0,3.3,2,3.1,0,0,2,2,0,1,171,15,423,2.9,1
STU-1217,Batch 2025,Male,Information Tech,77.2,70.0,7.05,0,0,94,75.7,4.2,0,3.9,2,4,1,1,0,3,96,2,500,3.2,0
STU-1218,Batch 2024,Male,Computer Science,76.2,69.8,9.42,0,0,30,64.4,2.7,1,2.2,0,0,0,0,0,1,191,2,327,4.7,1
STU-1219,Batch 2025,Female,Computer Science,98.0,77.9,8.3,0,0,174,83.1,3.1,2,3.2,0,0,0,0,0,6,956,0,408,3.9,1
STU-1220,Batch 2025,Male,Mechanical,81.0,70.2,7.93,0,0,73,66.2,3.3,3,4.9,1,2,2,0,1,6,500,5,225,2.9,1
STU-1221,Batch 2024,Male,Computer Science,70.5,74.3,7.81,0,1,45,56.1,1.1,1,4.2,1,3,1,0,0,6,10,5,361,4.5,1
STU-1222,Batch 2023,Male,Computer Science,73.7,97.0,7.83,0,1,12,57.4,4.7,2,4.4,0,0,0,2,0,3,390,0,500,3.6,0
STU-1223,Batch 2024,Male,Information Tech,89.5,72.3,5.28,3,3,30,54.3,2.7,1,3.2,1,3,0,0,0,1,12,5,237,3.6,0
STU-1224,Batch 2023,Other,Information Tech,79.1,71.1,7.09,0,0,328,64.2,3.8,1,3.5,0,0,0,0,0,1,551,0,199,2.6,0
STU-1225,Batch 2023,Female,Civil,63.6,67.9,8.33,0,0,40,85.3,3.3,0,4.1,0,0,2,0,0,3,60,0,334,2.8,1
STU-1226,Batch 2025,Male,Computer Science,87.2,83.2,7.35,0,0,20,56.7,4.4,1,4.6,0,0,0,0,0,12,87,2,288,2.9,1
STU-1227,Batch 2024,Female,Computer Science,71.3,73.0,5.85,1,1,68,70.6,3.7,1,1.4,1,2,1,2,1,3,17,2,411,3.6,1
STU-1228,Batch 2025,Female,Electronics,96.7,67.9,7.34,0,0,40,58.8,3.2,1,2.0,0,0,1,0,2,3,21,0,257,3.7,0
STU-1229,Batch 2024,Female,Information Tech,88.8,89.5,9.27,0,0,4,64.4,2.7,2,4.4,0,0,1,3,1,1,234,0,500,4.8,1
STU-1230,Batch 2025,Male,Computer Science,73.5,90.6,8.77,0,0,43,46.9,4.0,0,3.0,0,0,2,2,0,6,520,50,139,3.9,1
STU-1231,Batch 2024,Male,Information Tech,90.8,68.4,7.33,0,0,86,64.9,1.9,2,2.6,0,0,2,0,0,6,170,2,496,1.4,0
STU-1232,Batch 2024,Male,Computer Science,78.7,54.5,8.45,0,0,88,65.3,3.9,1,2.1,1,6,1,0,0,6,226,2,213,3.8,1
STU-1233,Batch 2024,Female,Computer Science,86.5,86.1,7.0,0,0,49,75.6,2.5,2,2.7,2,4,0,2,1,12,258,0,69,2.4,1
STU-1234,Batch 2023,Male,Information Tech,82.8,67.5,5.53,0,1,65,71.1,4.4,2,1.9,0,0,1,0,2,3,55,0,353,2.8,1
STU-1235,Batch 2025,Male,Information Tech,69.5,83.7,6.38,2,2,370,51.2,3.5,1,5.0,2,4,1,0,0,1,10,0,284,3.0,1
STU-1236,Batch 2023,Male,Civil,71.6,53.3,9.12,0,0,52,83.2,3.9,1,3.2,1,2,1,0,0,3,10,0,165,3.1,1
STU-1237,Batch 2023,Female,Information Tech,88.3,84.8,7.1,0,0,33,70.9,3.5,2,3.1,1,2,1,0,0,6,78,0,85,2.5,1
STU-1238,Batch 2024,Male,Information Tech,74.7,61.7,7.13,0,0,31,70.8,2.0,3,3.7,1,3,0,1,1,6,50,0,319,3.8,1
STU-1239,Batch 2023,Female,Electronics,74.0,83.0,7.07,0,1,67,67.9,2.7,1,4.1,1,2,1,0,1,3,12,2,457,2.5,1
STU-1240,Batch 2025,Female,Computer Science,68.4,75.2,9.49,0,0,157,60.8,3.9,0,4.1,0,0,0,0,0,6,36,0,402,3.9,0
STU-1241,Batch 2025,Male,Electronics,82.2,64.5,9.19,0,0,25,71.0,3.5,3,4.2,1,2,2,2,2,6,24,5,328,5.0,1
STU-1242,Batch 2025,Female,Computer Science,98.0,70.5,9.84,0,0,136,74.7,4.3,1,2.6,1,6,0,1,0,12,443,0,387,2.5,1
STU-1243,Batch 2024,Male,Civil,67.3,82.5,7.23,0,1,2,43.5,3.7,2,2.9,1,6,1,0,2,6,27,0,316,3.4,0
STU-1244,Batch 2023,Female,Computer Science,78.2,76.2,7.73,0,0,60,60.5,2.6,1,3.9,2,6,0,1,2,6,139,0,120,1.6,0
STU-1245,Batch 2025,Male,Information Tech,92.1,81.4,5.73,0,0,165,64.4,2.8,1,2.7,0,0,1,0,1,3,162,0,121,3.4,0
STU-1246,Batch 2024,Female,Computer Science,77.2,96.7,9.02,0,0,45,71.6,3.5,2,3.2,1,2,1,1,0,6,141,0,292,4.1,1
STU-1247,Batch 2025,Female,Civil,82.5,57.8,6.12,3,3,91,84.7,1.5,2,3.6,1,2,0,0,0,12,19,15,298,4.2,0
STU-1248,Batch 2025,Female,Information Tech,67.4,92.8,7.64,0,0,25,57.2,4.7,1,3.9,0,0,2,0,0,3,69,2,439,3.7,0
STU-1249,Batch 2025,Female,Information Tech,82.3,76.1,6.19,0,0,149,61.0,3.8,2,1.6,0,0,1,1,0,6,10,0,426,4.3,0
STU-1250,Batch 2023,Male,Computer Science,76.1,65.1,6.75,0,0,6,60.8,4.4,2,3.8,1,2,1,0,1,6,91,0,405,5.0,1
STU-1251,Batch 2024,Female,Electronics,87.9,60.4,6.48,0,1,211,56.8,2.1,2,3.0,2,4,0,3,0,1,38,2,281,5.0,1
STU-1252,Batch 2025,Female,Computer Science,89.9,72.9,6.73,0,0,24,63.1,4.4,0,3.8,1,2,1,0,0,6,148,2,127,3.2,0
STU-1253,Batch 2024,Female,Mechanical,98.0,85.1,6.81,1,1,228,78.8,5.0,2,3.9,1,2,1,2,1,1,212,0,378,2.4,0
STU-1254,Batch 2023,Male,Computer Science,83.8,73.6,6.8,0,0,48,53.2,2.3,2,4.6,0,0,1,2,0,20,137,2,394,3.3,1
STU-1255,Batch 2024,Female,Computer Science,81.3,91.6,8.32,0,0,141,74.0,4.0,2,4.4,0,0,1,0,0,12,103,5,20,2.8,1
STU-1256,Batch 2025,Female,Computer Science,79.9,59.0,6.18,2,2,42,44.2,3.4,2,4.4,0,0,1,1,0,1,88,2,203,4.0,0
STU-1257,Batch 2025,Female,Information Tech,74.5,74.9,7.64,0,0,260,60.1,2.2,1,4.5,0,0,0,0,0,1,332,5,223,2.7,1
STU-1258,Batch 2024,Male,Information Tech,81.4,61.2,8.74,1,1,15,63.4,3.8,2,3.5,0,0,0,2,0,6,45,5,337,3.5,1
STU-1259,Batch 2023,Female,Computer Science,75.0,79.0,6.84,0,0,22,91.4,4.1,2,3.2,0,0,0,0,1,3,239,15,208,4.3,1
STU-1260,Batch 2024,Male,Electronics,79.7,84.8,6.61,1,1,75,64.2,2.9,0,4.0,1,3,0,1,0,1,255,0,315,3.5,1
STU-1261,Batch 2025,Female,Information Tech,91.2,70.4,7.15,0,0,9,37.2,4.3,2,3.9,1,2,1,0,2,3,98,2,291,2.8,1
STU-1262,Batch 2023,Male,Information Tech,67.9,48.0,8.7,0,0,24,40.0,2.1,1,2.9,0,0,2,0,0,3,64,2,298,4.5,0
STU-1263,Batch 2024,Female,Information Tech,89.4,77.2,7.61,0,0,317,68.5,2.2,2,3.6,0,0,0,0,0,1,114,2,220,2.1,1
STU-1264,Batch 2025,Other,Information Tech,91.2,79.8,6.82,0,0,413,76.6,3.5,1,3.2,0,0,3,0,0,12,18,50,231,3.3,1
STU-1265,Batch 2025,Male,Information Tech,76.8,79.4,7.93,0,1,52,73.3,3.4,2,2.4,1,2,1,1,0,12,10,0,169,3.6,1
STU-1266,Batch 2025,Female,Computer Science,56.8,88.6,6.19,0,1,282,70.3,2.8,3,4.4,0,0,2,1,0,6,21,0,373,3.6,0
STU-1267,Batch 2025,Male,Computer Science,71.9,63.2,8.15,0,0,87,84.3,4.0,2,3.2,0,0,1,1,0,12,37,0,400,3.7,0
STU-1268,Batch 2024,Female,Mechanical,91.0,82.5,7.85,0,0,35,60.4,3.8,3,5.0,2,6,1,0,0,3,126,0,212,4.1,1
STU-1269,Batch 2023,Female,Civil,77.8,88.1,7.06,1,1,133,80.5,4.1,4,1.7,1,2,0,0,0,3,340,0,500,3.6,1
STU-1270,Batch 2025,Female,Information Tech,68.0,55.4,6.48,2,3,118,45.2,3.3,0,2.7,0,0,0,0,0,3,48,2,276,3.3,0
STU-1271,Batch 2025,Female,Computer Science,73.0,78.5,6.42,0,0,497,55.3,3.9,2,3.2,0,0,0,1,0,6,492,0,500,3.3,1
STU-1272,Batch 2025,Female,Electronics,86.4,69.5,7.99,0,0,34,42.7,3.0,2,4.2,0,0,1,3,1,12,558,2,230,3.1,1
STU-1273,Batch 2025,Male,Information Tech,83.5,74.1,8.75,0,0,123,64.2,5.0,3,3.6,1,2,0,0,2,6,575,2,36,4.2,1
STU-1274,Batch 2024,Male,Computer Science,75.6,78.8,6.7,1,2,6,67.4,2.7,1,3.5,1,3,2,0,0,12,327,0,376,3.1,0
STU-1275,Batch 2024,Female,Computer Science,74.3,69.6,7.9,0,0,13,69.6,5.0,4,2.2,0,0,0,0,0,6,81,0,355,4.3,0
STU-1276,Batch 2025,Female,Electronics,74.1,67.6,5.1,1,1,0,68.9,3.4,2,2.2,1,2,2,1,2,3,14,2,325,3.6,0
STU-1277,Batch 2024,Female,Electronics,68.8,75.4,6.76,0,0,600,55.0,2.3,2,3.5,0,0,0,1,0,3,151,2,230,3.2,0
STU-1278,Batch 2025,Female,Computer Science,94.2,63.0,7.37,0,0,178,65.3,4.5,0,2.0,0,0,0,1,2,1,147,5,315,4.1,1
STU-1279,Batch 2025,Male,Computer Science,74.8,63.1,6.4,3,3,170,47.0,3.5,1,2.7,0,0,0,0,0,1,341,5,248,3.0,0
STU-1280,Batch 2025,Female,Computer Science,90.2,82.5,6.37,0,0,78,87.1,4.1,2,3.7,1,3,1,1,1,6,993,15,278,4.1,1
STU-1281,Batch 2024,Male,Electronics,93.2,62.4,6.67,0,0,39,63.7,4.4,0,2.3,0,0,0,1,0,3,128,2,438,3.8,0
STU-1282,Batch 2024,Male,Computer Science,88.0,82.3,7.72,0,0,18,61.2,3.7,3,4.6,0,0,2,0,2,6,76,5,346,3.1,1
STU-1283,Batch 2023,Male,Computer Science,73.7,80.1,7.19,1,1,37,90.2,2.9,0,4.3,0,0,0,0,0,6,37,5,405,4.0,0
STU-1284,Batch 2024,Male,Electronics,82.0,56.0,5.0,0,0,52,50.6,4.2,2,1.8,0,0,0,0,0,3,10,5,288,4.0,0
STU-1285,Batch 2023,Male,Computer Science,77.8,67.5,5.07,0,0,155,52.2,3.4,1,2.4,1,2,2,0,0,3,128,0,272,4.5,0
STU-1286,Batch 2024,Male,Electronics,69.0,88.1,6.73,1,1,85,52.7,3.9,2,1.1,0,0,0,2,0,3,146,15,159,4.4,1
STU-1287,Batch 2024,Female,Computer Science,81.2,64.2,7.9,0,0,9,67.0,1.7,2,2.5,0,0,2,0,1,3,314,0,268,4.0,1
STU-1288,Batch 2023,Male,Computer Science,66.2,69.9,5.0,1,1,2,74.0,3.8,1,3.9,1,2,3,1,0,12,126,2,20,2.7,0
STU-1289,Batch 2024,Male,Computer Science,89.9,80.1,6.85,0,0,12,78.4,2.9,1,2.8,1,2,0,0,2,3,447,0,237,5.0,1
STU-1290,Batch 2023,Male,Electronics,73.4,83.6,6.82,1,1,58,98.0,4.7,0,3.6,1,3,0,0,0,6,178,0,309,2.5,1
STU-1291,Batch 2023,Male,Mechanical,80.0,72.2,8.93,0,1,298,36.5,3.9,2,1.8,1,2,0,0,1,12,330,0,399,4.4,1
STU-1292,Batch 2025,Male,Mechanical,80.8,68.4,6.98,0,0,112,76.5,3.6,2,3.9,0,0,2,0,0,12,29,0,282,3.9,1
STU-1293,Batch 2024,Male,Information Tech,75.4,90.6,7.82,0,0,178,60.2,3.8,2,2.7,1,3,1,0,2,12,348,0,369,2.7,1
STU-1294,Batch 2023,Female,Electronics,83.9,94.1,7.56,0,0,69,59.8,2.6,2,3.2,1,6,1,0,2,3,202,5,20,3.5,1
STU-1295,Batch 2024,Female,Computer Science,73.3,85.8,5.06,0,0,49,59.3,4.7,2,3.1,0,0,2,0,0,1,34,0,312,3.5,0
STU-1296,Batch 2025,Female,Computer Science,86.7,75.9,8.25,0,1,13,55.3,5.0,1,2.1,2,4,0,0,1,3,38,0,85,4.6,1
STU-1297,Batch 2023,Male,Mechanical,64.5,66.1,7.64,0,1,230,91.6,3.7,0,2.2,0,0,2,0,1,3,470,0,151,3.0,1
STU-1298,Batch 2024,Male,Computer Science,79.3,65.9,7.96,0,0,168,79.8,4.7,1,4.1,3,18,1,0,0,12,10,2,294,3.4,1
STU-1299,Batch 2023,Female,Computer Science,97.4,80.7,9.9,1,1,20,68.3,2.9,4,3.6,2,6,1,0,0,6,112,0,499,1.7,1
STU-1300,Batch 2023,Male,Computer Science,68.0,79.6,5.11,2,2,79,86.9,2.8,3,4.1,1,3,2,2,0,1,68,0,372,5.0,1
STU-1301,Batch 2024,Male,Computer Science,71.2,90.4,9.3,0,0,74,46.8,3.4,1,3.5,2,4,1,0,1,1,197,0,323,2.7,1
STU-1302,Batch 2024,Male,Computer Science,83.1,82.2,7.08,0,0,108,49.4,3.7,2,3.3,1,3,0,1,0,1,329,2,317,3.9,1
STU-1303,Batch 2024,Male,Information Tech,79.8,58.5,7.72,0,0,321,37.5,3.1,3,1.6,0,0,1,0,0,6,80,0,220,3.5,0
STU-1304,Batch 2025,Male,Information Tech,81.5,86.6,7.35,0,0,95,58.2,3.8,2,3.0,0,0,1,1,0,6,100,0,244,3.5,1
STU-1305,Batch 2025,Male,Mechanical,82.9,64.0,6.93,0,0,85,70.3,3.6,0,3.2,0,0,0,0,0,12,722,0,380,4.2,0
STU-1306,Batch 2024,Female,Mechanical,84.3,70.8,6.77,0,1,6,69.4,2.6,0,5.0,0,0,3,2,1,12,276,15,126,4.9,0
STU-1307,Batch 2024,Male,Computer Science,89.1,77.8,7.76,0,0,7,70.1,3.8,2,3.8,1,2,0,0,2,3,410,0,403,3.8,1
STU-1308,Batch 2025,Female,Computer Science,82.1,97.0,5.73,1,2,23,48.2,4.1,4,4.6,0,0,1,1,0,3,104,2,266,4.1,0
STU-1309,Batch 2023,Female,Information Tech,75.6,97.0,8.23,0,0,4,79.2,3.5,2,3.7,0,0,1,0,0,3,48,0,436,3.9,1
STU-1310,Batch 2024,Female,Information Tech,84.7,81.7,6.94,0,0,150,71.4,4.3,0,2.6,1,3,0,0,1,3,96,0,455,4.4,1
STU-1311,Batch 2023,Female,Computer Science,97.0,73.0,6.16,1,1,141,78.3,2.4,1,3.3,2,6,2,1,0,12,227,0,86,3.2,0
STU-1312,Batch 2023,Female,Electronics,76.7,80.9,6.9,0,0,16,41.5,3.8,2,3.4,0,0,2,0,0,6,21,0,239,4.5,0
STU-1313,Batch 2025,Male,Information Tech,68.3,84.8,8.78,0,0,199,72.4,2.5,3,2.4,0,0,1,0,0,6,57,0,200,4.5,1
STU-1314,Batch 2025,Male,Information Tech,89.1,71.5,6.81,0,0,18,51.4,2.5,2,2.9,0,0,0,0,0,3,10,0,66,4.5,0
STU-1315,Batch 2025,Male,Information Tech,76.8,94.7,7.79,0,1,39,62.4,2.9,2,3.0,1,2,0,1,0,1,102,0,175,3.1,1
STU-1316,Batch 2024,Female,Computer Science,56.3,77.5,6.6,0,0,31,75.5,2.6,0,4.6,0,0,0,3,1,1,316,2,500,3.5,0
STU-1317,Batch 2023,Female,Civil,86.5,80.5,8.23,0,0,51,69.3,3.0,3,1.3,1,2,0,0,0,3,10,50,405,3.8,0
STU-1318,Batch 2023,Male,Electronics,72.6,82.3,8.15,0,1,32,56.1,3.2,2,4.3,0,0,1,1,1,6,202,0,500,2.5,0
STU-1319,Batch 2023,Female,Computer Science,77.1,79.6,9.43,0,0,74,68.1,4.1,1,2.4,0,0,3,0,0,3,485,2,436,4.9,1
STU-1320,Batch 2024,Male,Mechanical,81.3,84.2,7.21,1,1,58,46.6,3.1,2,2.0,2,6,1,0,0,6,49,15,216,3.6,0
STU-1321,Batch 2025,Female,Information Tech,79.9,68.2,8.14,0,0,474,84.1,2.1,1,4.3,0,0,2,2,1,12,213,5,267,3.8,1
STU-1322,Batch 2025,Male,Mechanical,85.1,68.9,7.51,1,2,6,65.1,4.3,0,3.9,0,0,1,2,0,3,665,0,402,3.1,0
STU-1323,Batch 2023,Male,Electronics,73.6,62.9,8.83,0,1,17,83.7,2.7,1,4.3,0,0,1,1,0,6,590,2,381,2.5,1
STU-1324,Batch 2025,Male,Information Tech,83.1,79.8,6.61,0,1,6,60.6,3.4,1,3.9,1,3,2,0,0,3,48,0,239,3.1,0
STU-1325,Batch 2025,Male,Computer Science,75.4,83.6,8.22,0,0,108,60.7,3.8,1,5.0,1,2,1,0,0,6,19,2,109,3.8,0
STU-1326,Batch 2024,Male,Computer Science,85.4,80.0,7.19,0,1,6,57.3,3.6,2,3.7,0,0,2,0,1,6,29,0,500,4.1,0
STU-1327,Batch 2024,Male,Information Tech,84.2,93.4,7.33,0,0,199,80.3,4.3,2,3.1,0,0,0,0,0,20,218,0,300,3.7,1
STU-1328,Batch 2024,Female,Electronics,68.6,74.9,7.5,0,0,79,58.1,3.8,2,3.5,0,0,0,0,1,3,233,0,274,3.9,0
STU-1329,Batch 2023,Male,Computer Science,88.9,82.4,7.68,0,0,82,77.0,2.7,1,4.3,1,6,2,1,0,3,202,0,336,3.3,1
STU-1330,Batch 2024,Male,Computer Science,72.6,63.0,7.27,0,0,91,62.6,5.0,0,2.5,1,2,1,2,0,1,74,2,286,4.0,0
STU-1331,Batch 2025,Female,Mechanical,86.1,70.7,7.64,0,1,21,40.3,3.6,2,2.6,1,3,2,0,2,3,33,0,337,4.8,0
STU-1332,Batch 2023,Female,Civil,81.7,82.7,9.14,0,1,24,60.0,3.3,1,2.9,1,6,2,0,1,6,156,2,500,4.2,1
STU-1333,Batch 2023,Male,Information Tech,96.4,84.3,8.48,0,0,42,51.5,4.2,1,1.3,0,0,0,2,0,12,119,0,303,4.2,0
STU-1334,Batch 2023,Male,Computer Science,75.8,71.8,8.36,1,1,99,68.5,3.6,3,3.3,0,0,1,0,0,3,235,0,157,3.8,1
STU-1335,Batch 2023,Male,Computer Science,74.5,74.2,6.9,0,0,26,51.3,3.7,2,1.5,0,0,0,1,0,1,105,2,297,2.4,1
STU-1336,Batch 2025,Male,Computer Science,77.8,58.3,6.42,1,2,14,81.0,5.0,3,3.2,0,0,1,0,0,3,74,50,255,2.8,0
STU-1337,Batch 2025,Female,Civil,75.0,71.1,8.45,0,0,386,66.7,3.2,2,4.0,0,0,2,0,1,3,63,0,500,4.0,1
STU-1338,Batch 2024,Male,Computer Science,86.0,84.8,8.36,0,0,2,65.5,3.1,1,2.8,1,6,0,3,1,3,43,0,484,3.6,0
STU-1339,Batch 2023,Male,Information Tech,61.8,81.3,9.02,0,0,179,77.2,3.5,2,4.7,1,2,1,0,0,3,56,5,335,4.0,1
STU-1340,Batch 2024,Female,Computer Science,67.5,80.5,6.74,0,0,171,81.5,4.3,1,1.9,2,6,1,0,1,6,18,0,141,4.9,1
STU-1341,Batch 2024,Male,Information Tech,67.3,75.5,7.15,0,0,39,67.7,2.2,2,4.3,0,0,0,0,0,1,77,5,148,4.2,0
STU-1342,Batch 2023,Female,Electronics,87.5,75.1,5.6,0,1,16,57.2,1.8,0,3.8,1,6,2,2,0,3,10,2,322,4.6,0
STU-1343,Batch 2024,Male,Mechanical,95.1,67.7,6.97,0,0,17,43.2,2.9,3,1.7,1,2,1,2,0,6,37,0,367,3.7,1
STU-1344,Batch 2024,Female,Computer Science,77.0,82.7,8.5,1,1,131,58.4,2.1,1,5.0,1,3,2,0,2,3,247,0,268,3.0,0
STU-1345,Batch 2024,Male,Computer Science,76.3,79.6,6.89,0,0,113,59.4,3.1,3,3.1,0,0,0,0,1,6,71,0,253,3.6,0
STU-1346,Batch 2024,Female,Computer Science,78.7,80.4,8.1,0,0,168,69.5,3.8,3,2.4,0,0,0,1,0,6,199,0,237,3.0,1
STU-1347,Batch 2023,Female,Civil,89.6,69.2,7.19,0,1,305,63.2,2.7,2,1.9,0,0,1,0,0,6,227,5,317,4.8,1
STU-1348,Batch 2024,Male,Mechanical,68.7,51.3,7.76,0,0,130,77.6,2.3,2,3.0,0,0,0,1,2,3,157,2,20,4.2,0
STU-1349,Batch 2024,Female,Information Tech,80.4,87.1,6.14,2,2,19,59.4,3.5,2,3.1,1,2,3,0,0,3,574,2,166,4.0,0
STU-1350,Batch 2024,Female,Electronics,87.8,69.7,7.49,0,0,31,67.2,4.1,3,3.3,0,0,0,0,0,12,10,2,232,4.6,0
STU-1351,Batch 2025,Female,Electronics,83.0,65.5,5.0,0,0,203,84.6,2.0,2,2.9,0,0,2,1,2,6,242,0,489,2.0,1
STU-1352,Batch 2025,Female,Computer Science,79.9,82.6,7.19,0,0,26,72.8,4.1,2,3.8,1,2,1,0,1,3,574,2,206,4.1,1
STU-1353,Batch 2023,Female,Civil,88.0,70.7,5.61,0,0,8,67.2,4.1,2,2.9,1,2,0,2,0,1,357,0,345,2.6,0
STU-1354,Batch 2023,Male,Information Tech,51.0,86.7,8.73,0,0,134,59.6,4.2,3,1.5,1,2,0,0,0,1,33,2,352,3.6,1
STU-1355,Batch 2024,Male,Information Tech,84.8,81.8,8.26,0,0,57,59.1,4.4,2,3.1,1,2,1,0,0,1,71,0,500,3.4,0
STU-1356,Batch 2023,Female,Information Tech,71.5,82.5,7.91,0,0,278,56.1,5.0,2,1.1,0,0,1,3,0,6,34,2,497,4.1,1
STU-1357,Batch 2024,Male,Computer Science,59.7,60.0,9.07,0,0,116,60.4,3.1,2,3.5,0,0,0,0,2,1,166,5,312,3.8,1
STU-1358,Batch 2025,Female,Computer Science,83.1,88.3,6.36,3,3,10,78.6,3.5,3,2.3,0,0,2,1,0,3,224,0,253,4.7,0
STU-1359,Batch 2024,Female,Electronics,91.7,77.9,9.32,0,0,325,64.9,3.1,2,3.3,1,2,0,0,1,6,69,0,227,3.1,1
STU-1360,Batch 2024,Male,Computer Science,76.6,70.9,8.43,0,1,33,49.1,3.4,1,4.4,2,6,1,1,0,3,140,2,286,4.2,0
STU-1361,Batch 2024,Male,Electronics,87.5,76.6,7.14,0,1,45,92.8,4.6,2,2.3,0,0,1,1,0,6,211,0,259,3.7,1
STU-1362,Batch 2024,Female,Computer Science,94.1,55.5,8.65,0,0,57,72.5,2.3,4,4.2,1,2,0,0,0,6,98,2,398,2.3,1
STU-1363,Batch 2024,Male,Information Tech,91.1,79.5,6.18,1,1,6,48.3,2.7,2,2.8,0,0,2,1,1,3,346,15,379,2.9,1
STU-1364,Batch 2025,Female,Computer Science,94.4,63.7,6.49,0,0,75,61.8,4.5,3,4.8,1,2,0,1,0,6,266,0,403,3.5,1
STU-1365,Batch 2024,Male,Information Tech,85.4,60.1,6.73,0,0,14,69.6,4.2,0,2.9,0,0,0,0,0,6,12,0,496,4.5,0
STU-1366,Batch 2025,Female,Electronics,78.8,58.3,6.82,0,1,56,91.9,3.1,2,2.4,0,0,0,0,0,3,175,2,500,4.0,1
STU-1367,Batch 2025,Male,Computer Science,62.0,87.2,6.24,1,1,48,52.5,4.1,2,3.8,1,6,1,0,0,3,48,0,337,2.7,0
STU-1368,Batch 2023,Female,Information Tech,75.5,68.1,8.75,0,0,163,81.7,3.7,3,2.8,1,2,1,0,0,3,147,0,474,3.5,1
STU-1369,Batch 2023,Male,Information Tech,69.6,91.9,7.12,0,1,179,87.6,4.6,0,2.4,1,2,1,0,0,12,566,5,271,5.0,0
STU-1370,Batch 2023,Female,Electronics,98.0,69.1,7.79,0,1,18,59.2,3.5,3,2.8,0,0,0,0,0,6,380,2,486,3.7,1
STU-1371,Batch 2023,Male,Civil,76.2,56.2,6.77,0,0,50,64.1,4.2,2,3.2,0,0,0,0,0,1,93,0,469,3.3,0
STU-1372,Batch 2023,Female,Electronics,79.2,62.7,5.4,1,1,51,53.5,5.0,1,4.4,0,0,2,1,0,6,62,0,461,4.0,0
STU-1373,Batch 2025,Female,Computer Science,83.5,88.6,7.7,0,0,18,65.2,3.9,1,1.5,2,4,0,0,0,3,48,2,333,4.2,0
STU-1374,Batch 2023,Male,Computer Science,78.4,73.3,5.3,0,0,176,67.5,3.4,1,3.2,2,6,2,2,0,6,137,2,226,3.2,0
STU-1375,Batch 2024,Male,Computer Science,95.0,69.0,7.32,0,1,135,77.2,4.0,2,3.8,0,0,0,0,0,6,22,5,125,4.0,0
STU-1376,Batch 2025,Male,Information Tech,71.8,76.8,5.89,1,2,23,83.3,3.1,0,3.4,0,0,2,0,0,3,143,0,314,3.3,0
STU-1377,Batch 2023,Female,Computer Science,79.9,80.5,9.59,0,0,50,57.5,5.0,1,4.4,2,6,0,1,1,12,10,15,500,4.2,1
STU-1378,Batch 2025,Female,Information Tech,70.6,87.3,8.4,1,1,12,40.5,3.5,3,3.1,0,0,1,0,0,6,70,2,277,3.7,1
STU-1379,Batch 2023,Male,Information Tech,64.8,90.9,7.52,0,1,109,67.7,3.2,1,3.0,1,6,0,0,0,6,45,2,430,4.0,1
STU-1380,Batch 2023,Male,Computer Science,71.9,71.0,8.79,0,0,14,72.1,2.7,1,3.7,0,0,0,0,0,1,639,2,438,3.0,0
STU-1381,Batch 2025,Male,Electronics,77.6,60.4,6.47,0,0,469,71.5,4.3,2,3.3,1,2,0,0,1,12,234,0,280,2.9,1
STU-1382,Batch 2024,Female,Computer Science,73.7,70.5,8.0,0,0,167,63.4,4.1,2,2.8,1,2,0,0,1,12,77,15,500,4.4,1
STU-1383,Batch 2025,Male,Computer Science,71.1,77.9,7.62,0,0,54,69.7,3.0,2,3.7,1,6,0,3,0,1,18,0,20,3.5,0
STU-1384,Batch 2025,Other,Electronics,63.9,64.4,7.69,0,0,95,89.2,3.9,2,2.6,1,6,1,0,0,3,131,0,149,3.8,1
STU-1385,Batch 2025,Male,Information Tech,77.2,64.5,8.8,0,0,267,73.3,2.2,2,2.6,0,0,1,2,0,3,43,5,192,3.4,0
STU-1386,Batch 2023,Female,Electronics,63.0,78.8,8.21,0,0,89,62.8,3.5,2,2.7,1,2,2,1,2,6,138,2,205,4.3,1
STU-1387,Batch 2023,Male,Information Tech,85.6,74.5,7.72,0,0,21,61.0,3.8,1,4.4,1,6,1,0,1,6,325,5,367,3.1,1
STU-1388,Batch 2025,Male,Computer Science,78.8,75.4,5.58,0,0,52,65.6,4.8,1,1.0,0,0,1,0,0,1,172,2,361,3.5,0
STU-1389,Batch 2025,Female,Mechanical,63.4,66.7,6.34,0,0,204,90.9,2.8,2,3.6,0,0,1,1,1,12,181,0,375,4.2,1
STU-1390,Batch 2025,Female,Electronics,74.9,72.5,7.27,0,0,114,65.4,2.4,1,3.2,0,0,1,2,1,1,140,15,403,4.5,0
STU-1391,Batch 2024,Other,Electronics,70.5,64.8,7.5,1,2,116,67.7,2.7,2,1.7,1,2,1,0,0,6,472,0,187,3.2,0
STU-1392,Batch 2024,Male,Computer Science,81.2,84.8,6.16,3,3,222,61.2,2.3,2,3.5,0,0,2,0,0,3,484,5,149,5.0,0
STU-1393,Batch 2025,Male,Information Tech,91.4,86.4,9.9,1,1,247,83.4,4.5,1,3.6,1,2,0,0,0,3,129,0,375,3.9,1
STU-1394,Batch 2024,Female,Information Tech,59.2,54.7,9.07,0,0,278,95.4,4.6,1,3.7,0,0,0,0,0,1,66,5,232,2.8,1
STU-1395,Batch 2025,Female,Computer Science,79.2,64.8,8.06,0,1,11,74.3,3.7,1,1.0,2,4,1,0,1,1,111,0,100,3.9,1
STU-1396,Batch 2025,Male,Civil,76.4,58.5,7.48,0,0,86,69.2,4.4,2,4.4,0,0,0,2,0,6,37,2,456,3.3,1
STU-1397,Batch 2024,Male,Computer Science,84.7,67.8,7.17,0,0,148,68.5,3.5,2,2.5,0,0,2,0,1,6,182,5,500,3.9,0
STU-1398,Batch 2025,Male,Civil,80.1,74.1,6.35,1,1,156,34.6,3.3,2,3.8,1,3,2,1,2,1,125,0,500,3.6,1
STU-1399,Batch 2025,Female,Information Tech,70.5,59.1,7.49,0,0,103,78.4,3.1,1,3.9,1,3,0,1,0,1,20,2,346,3.7,0
STU-1400,Batch 2023,Male,Computer Science,74.8,64.9,7.68,0,0,20,69.9,3.2,2,2.4,0,0,0,0,0,1,40,5,408,2.9,1
STU-1401,Batch 2025,Male,Information Tech,70.0,64.0,6.03,2,2,176,74.0,2.2,3,3.8,0,0,1,0,1,6,118,2,500,4.4,0
STU-1402,Batch 2024,Male,Mechanical,88.8,77.3,7.77,0,0,140,58.0,3.6,1,2.9,0,0,1,1,1,6,393,15,230,2.7,0
STU-1403,Batch 2025,Male,Electronics,78.2,75.8,7.23,0,0,10,62.6,3.4,2,1.3,1,2,0,2,1,1,150,0,475,2.7,1
STU-1404,Batch 2024,Male,Mechanical,97.0,67.1,5.3,1,1,69,62.2,4.0,4,4.3,1,3,1,1,0,6,206,0,359,3.9,0
STU-1405,Batch 2025,Male,Electronics,77.4,76.9,6.45,1,1,21,82.3,3.5,1,2.5,1,2,1,0,0,1,75,0,448,4.9,0
STU-1406,Batch 2024,Male,Electronics,70.9,69.0,6.95,0,0,45,62.7,3.3,2,2.4,1,6,0,0,0,12,153,0,346,3.3,0
STU-1407,Batch 2023,Female,Mechanical,62.9,72.0,9.48,0,0,2,97.2,2.7,0,2.8,1,2,0,0,2,12,107,0,500,4.2,1
STU-1408,Batch 2025,Male,Computer Science,60.0,93.4,8.01,0,0,56,74.0,3.5,2,3.4,0,0,2,0,0,6,194,2,351,4.5,1
STU-1409,Batch 2023,Male,Information Tech,62.2,89.7,5.93,0,0,88,50.1,4.0,0,3.1,2,4,0,1,2,12,10,0,112,4.3,0
STU-1410,Batch 2024,Female,Computer Science,80.7,60.7,7.93,0,0,106,66.2,2.5,4,3.7,1,2,2,0,0,12,122,0,500,3.4,0
STU-1411,Batch 2025,Female,Civil,83.1,84.1,5.7,0,1,120,58.9,3.5,2,2.0,0,0,1,1,2,12,63,0,187,2.7,0
STU-1412,Batch 2025,Male,Civil,62.2,83.9,8.59,0,1,199,37.3,3.6,2,2.5,0,0,1,0,0,6,71,5,495,1.8,1
STU-1413,Batch 2024,Male,Computer Science,87.0,62.4,6.88,0,0,27,90.4,2.8,2,3.1,0,0,2,1,0,3,584,2,307,3.4,0
STU-1414,Batch 2024,Male,Electronics,73.2,84.0,7.3,1,1,14,77.8,2.9,2,4.9,0,0,2,3,0,3,36,0,485,4.5,1
STU-1415,Batch 2024,Female,Civil,79.5,91.9,8.86,1,1,210,75.5,3.6,2,3.1,1,3,0,0,0,3,67,5,479,2.7,1
STU-1416,Batch 2023,Other,Computer Science,94.1,62.7,5.98,3,4,19,70.3,2.5,3,4.2,1,2,0,2,0,6,128,0,380,4.2,0
STU-1417,Batch 2024,Female,Information Tech,87.0,64.9,5.86,0,0,405,48.7,3.7,4,3.2,1,3,2,0,0,1,358,50,391,2.8,1
STU-1418,Batch 2025,Female,Civil,75.3,86.2,6.76,0,0,203,61.2,2.7,2,2.8,1,2,1,0,0,3,97,2,379,3.7,1
STU-1419,Batch 2025,Female,Computer Science,69.1,78.0,8.54,0,0,76,79.8,4.3,3,3.0,1,3,0,2,0,3,245,0,38,4.2,1
STU-1420,Batch 2025,Male,Electronics,56.5,81.1,5.73,0,0,438,53.3,5.0,2,3.0,1,2,2,2,1,3,349,2,337,3.1,1
STU-1421,Batch 2025,Male,Computer Science,70.8,78.7,5.0,0,1,11,32.6,2.7,2,3.7,0,0,0,0,0,6,67,2,164,3.7,0
STU-1422,Batch 2023,Female,Civil,75.9,79.3,6.9,1,1,40,64.8,3.8,2,4.4,0,0,0,0,0,12,90,0,344,3.3,1
STU-1423,Batch 2024,Female,Civil,68.1,60.4,8.01,0,0,112,66.0,2.8,1,3.5,1,6,0,1,1,6,79,5,160,4.2,1
STU-1424,Batch 2023,Male,Civil,76.7,86.5,8.72,0,1,47,69.9,4.2,0,4.3,0,0,1,1,0,6,322,0,154,3.8,1
STU-1425,Batch 2024,Female,Information Tech,78.8,87.9,6.89,0,0,290,78.2,2.4,1,2.3,0,0,1,0,2,6,10,0,500,3.6,1
STU-1426,Batch 2024,Male,Mechanical,75.8,72.5,6.95,0,0,7,76.9,3.8,2,2.8,2,4,0,1,0,3,66,0,470,4.8,1
STU-1427,Batch 2025,Male,Mechanical,71.5,74.5,8.67,0,0,88,71.6,2.7,1,2.5,1,3,0,0,0,1,205,0,319,4.1,1
STU-1428,Batch 2024,Male,Computer Science,79.7,58.2,5.34,1,2,98,84.7,3.2,2,3.5,0,0,0,0,0,12,150,0,346,3.0,0
STU-1429,Batch 2023,Male,Mechanical,82.4,80.7,6.97,0,0,116,46.7,2.6,4,2.9,1,2,1,0,0,3,103,5,285,3.5,0
STU-1430,Batch 2023,Female,Computer Science,67.1,81.3,7.61,0,0,32,75.1,4.1,1,3.9,1,2,0,0,0,1,140,0,400,3.5,0
STU-1431,Batch 2025,Male,Information Tech,92.1,74.3,7.89,0,0,50,76.8,2.7,2,2.4,0,0,2,2,0,6,40,0,225,3.7,1
STU-1432,Batch 2024,Female,Computer Science,77.0,87.4,6.84,0,0,204,50.6,3.8,1,3.2,0,0,0,0,0,1,101,2,459,5.0,1
STU-1433,Batch 2023,Female,Computer Science,78.2,71.3,7.44,0,0,24,47.0,3.1,0,3.8,2,4,3,3,0,3,125,5,285,3.9,1
STU-1434,Batch 2023,Female,Computer Science,85.1,81.2,5.0,0,0,193,57.6,3.3,2,1.3,0,0,0,0,0,1,417,50,261,2.0,0
STU-1435,Batch 2025,Male,Electronics,80.3,63.8,6.68,0,0,91,58.7,3.5,2,5.0,0,0,2,1,0,1,54,2,323,3.2,1
STU-1436,Batch 2023,Male,Computer Science,87.5,74.7,7.9,0,1,158,78.5,2.8,2,2.9,1,2,0,1,0,1,364,15,237,2.1,1
STU-1437,Batch 2025,Male,Electronics,80.9,73.1,6.32,1,1,138,59.4,3.6,1,1.4,1,6,0,1,0,1,186,2,366,3.3,1
STU-1438,Batch 2025,Other,Computer Science,71.9,77.5,7.46,0,0,26,56.0,4.6,2,3.3,0,0,2,1,0,6,10,15,245,2.0,1
STU-1439,Batch 2023,Female,Computer Science,81.6,70.9,7.89,0,0,93,59.4,2.8,1,3.2,0,0,2,0,0,12,232,2,386,2.9,0
STU-1440,Batch 2023,Male,Information Tech,66.6,73.6,7.02,0,0,223,83.7,4.3,1,3.1,0,0,1,2,0,3,10,0,490,2.4,0
STU-1441,Batch 2025,Female,Electronics,79.1,84.1,7.59,0,1,62,68.2,4.6,0,4.1,3,6,1,1,0,12,1070,0,219,3.9,1
STU-1442,Batch 2024,Male,Computer Science,77.7,70.2,6.34,2,2,374,65.5,2.7,1,3.9,0,0,1,0,0,3,371,2,302,3.6,0
STU-1443,Batch 2024,Female,Electronics,75.9,57.3,7.17,0,0,66,66.5,2.2,1,3.5,1,3,2,1,0,3,64,0,385,3.8,0
STU-1444,Batch 2025,Male,Mechanical,76.7,94.2,8.07,0,0,17,86.1,3.6,1,3.6,2,12,0,0,0,1,54,0,259,3.5,1
STU-1445,Batch 2025,Female,Electronics,59.2,90.2,7.57,0,0,54,57.5,3.0,4,3.1,0,0,1,0,0,6,86,2,385,2.5,0
STU-1446,Batch 2025,Male,Computer Science,72.5,60.8,6.75,0,0,333,86.4,4.9,1,4.8,3,18,1,2,0,3,79,15,398,4.0,1
STU-1447,Batch 2025,Female,Computer Science,78.9,82.6,7.65,0,0,42,70.9,3.4,1,1.9,2,12,0,0,0,6,84,0,472,5.0,1
STU-1448,Batch 2024,Female,Mechanical,79.6,69.5,8.19,0,0,223,65.8,2.8,1,3.3,2,4,2,1,0,6,69,2,235,3.9,1
STU-1449,Batch 2023,Female,Computer Science,67.7,77.9,5.15,1,1,234,98.0,2.5,2,3.3,0,0,0,0,0,3,175,2,188,3.3,0
STU-1450,Batch 2025,Male,Mechanical,90.7,78.2,8.67,0,0,47,53.2,4.3,0,3.9,1,6,0,0,1,6,32,15,277,2.5,0
STU-1451,Batch 2024,Male,Information Tech,69.3,72.4,7.03,0,0,10,63.0,2.9,3,2.4,1,2,1,0,1,12,337,15,185,2.9,0
STU-1452,Batch 2024,Male,Civil,87.7,66.4,7.87,0,1,142,50.7,3.4,4,1.6,3,9,1,0,0,3,301,2,399,4.0,1
STU-1453,Batch 2025,Male,Electronics,82.3,67.4,8.72,0,0,41,81.3,4.2,1,3.3,0,0,0,1,0,3,116,2,157,4.5,1
STU-1454,Batch 2023,Male,Civil,71.5,64.9,5.89,1,1,168,91.6,3.0,2,3.5,1,2,0,0,0,6,345,0,500,3.8,1
STU-1455,Batch 2024,Female,Information Tech,95.8,65.8,6.62,0,0,64,91.4,3.4,0,4.5,0,0,2,0,1,6,51,2,500,4.2,0
STU-1456,Batch 2023,Female,Electronics,66.1,74.3,7.08,0,0,73,85.1,3.4,2,2.1,0,0,0,0,0,1,10,2,322,4.2,0
STU-1457,Batch 2024,Male,Information Tech,87.2,67.1,6.54,0,0,166,65.2,3.9,2,4.2,0,0,1,0,2,3,174,5,441,4.0,1
STU-1458,Batch 2023,Male,Information Tech,88.0,82.5,9.31,0,1,53,62.9,3.9,1,5.0,1,6,1,1,0,3,110,2,91,3.1,1
STU-1459,Batch 2023,Male,Electronics,71.3,91.4,6.46,0,0,64,44.6,3.2,1,2.9,1,2,1,0,0,3,151,0,500,3.7,1
STU-1460,Batch 2023,Female,Mechanical,91.9,68.6,6.79,0,1,52,96.5,3.5,2,2.0,1,2,2,1,0,1,413,2,237,2.9,1
STU-1461,Batch 2024,Male,Civil,75.5,77.6,7.62,0,0,50,74.6,3.1,2,2.8,3,9,1,2,0,12,631,0,303,3.6,1
STU-1462,Batch 2025,Female,Electronics,80.9,80.5,6.08,1,1,82,61.1,2.2,1,3.2,0,0,1,1,0,6,181,0,60,3.9,0
STU-1463,Batch 2024,Male,Information Tech,80.6,80.2,6.96,1,2,182,86.6,3.6,2,3.7,1,3,1,1,0,3,260,0,388,4.9,1
STU-1464,Batch 2025,Other,Information Tech,76.7,75.8,7.75,1,1,49,54.4,4.9,2,2.7,0,0,1,0,0,6,16,0,165,2.6,1
STU-1465,Batch 2024,Female,Electronics,86.1,83.2,7.03,0,1,82,73.7,2.7,3,4.6,0,0,1,0,1,12,32,5,334,4.0,1
STU-1466,Batch 2023,Male,Computer Science,85.9,80.3,7.3,0,0,122,65.6,2.8,1,2.2,1,2,2,2,0,1,238,0,244,4.8,1
STU-1467,Batch 2025,Female,Computer Science,60.5,61.4,6.82,0,1,35,76.9,2.7,2,1.6,2,12,0,1,0,3,102,0,169,4.2,1
STU-1468,Batch 2023,Male,Information Tech,91.0,84.6,5.73,1,1,36,67.1,4.0,2,4.2,1,6,0,1,0,3,106,15,207,4.3,0
STU-1469,Batch 2025,Female,Computer Science,61.4,84.8,7.75,0,0,298,47.7,3.8,1,1.2,1,2,0,1,1,6,66,0,352,4.1,0
STU-1470,Batch 2023,Male,Computer Science,88.3,66.6,9.33,0,0,141,69.1,3.3,2,3.0,0,0,0,0,1,1,168,0,141,4.6,1
STU-1471,Batch 2025,Female,Computer Science,89.3,75.4,7.42,0,0,95,82.7,2.7,2,5.0,0,0,0,0,0,20,37,0,215,2.7,0
STU-1472,Batch 2023,Female,Computer Science,67.1,82.5,7.65,0,0,115,67.6,3.5,3,3.2,1,6,2,1,0,3,177,0,413,2.5,0
STU-1473,Batch 2025,Female,Computer Science,73.9,72.7,8.16,0,0,3,78.9,2.1,1,2.2,0,0,1,1,0,3,34,0,500,3.6,1
STU-1474,Batch 2024,Female,Civil,66.9,86.8,6.0,2,2,106,53.4,3.5,2,3.1,0,0,1,0,0,3,12,0,387,1.9,0
STU-1475,Batch 2025,Male,Information Tech,75.9,97.0,9.27,1,1,78,67.6,4.1,1,3.2,1,3,1,2,0,1,72,2,192,4.6,1
STU-1476,Batch 2023,Male,Information Tech,74.9,66.4,7.62,0,0,87,59.3,2.4,4,3.3,0,0,2,0,2,6,47,0,269,4.6,0
STU-1477,Batch 2024,Male,Electronics,85.8,59.8,9.2,0,0,49,78.5,2.2,1,3.8,0,0,1,0,0,20,396,0,324,3.3,1
STU-1478,Batch 2025,Male,Computer Science,91.1,78.3,6.59,1,1,9,68.4,4.7,4,2.3,1,2,2,2,0,3,10,5,271,3.3,1
STU-1479,Batch 2024,Female,Civil,92.0,82.9,9.4,0,0,24,77.7,2.9,3,4.7,1,3,0,1,0,20,35,0,446,3.5,1
STU-1480,Batch 2024,Male,Electronics,72.4,72.5,8.25,0,0,331,83.2,4.3,1,3.4,2,6,2,0,1,12,143,5,350,3.6,1
STU-1481,Batch 2025,Female,Computer Science,75.9,91.0,8.01,0,0,58,77.7,3.3,3,3.9,1,3,1,0,0,3,118,0,447,3.7,1
STU-1482,Batch 2024,Female,Information Tech,61.2,60.3,7.66,0,0,69,71.8,3.3,4,2.6,0,0,0,0,0,6,10,0,276,4.0,0
STU-1483,Batch 2024,Female,Mechanical,69.9,82.6,7.13,0,1,6,54.0,3.8,1,4.4,2,4,1,1,0,3,10,2,500,3.5,1
STU-1484,Batch 2024,Male,Civil,87.6,68.3,8.72,0,1,4,68.0,2.7,2,3.0,1,2,1,0,0,6,797,0,297,4.4,0
STU-1485,Batch 2025,Female,Information Tech,94.2,93.9,7.55,0,0,139,60.5,3.5,2,3.4,0,0,0,1,1,1,194,0,184,4.0,1
STU-1486,Batch 2023,Female,Electronics,65.7,96.9,5.24,0,0,85,63.2,3.1,1,2.4,0,0,1,2,0,6,82,2,500,3.1,0
STU-1487,Batch 2023,Male,Computer Science,72.1,66.6,6.17,1,1,78,62.8,2.3,0,2.3,1,2,0,1,1,1,114,0,65,4.7,0
STU-1488,Batch 2025,Female,Civil,77.7,69.0,7.2,1,1,31,54.3,3.7,1,3.8,1,6,0,0,0,12,56,2,217,2.5,0
STU-1489,Batch 2025,Female,Computer Science,80.8,84.5,7.74,0,0,150,40.6,3.2,1,2.8,1,2,2,1,0,12,76,5,232,3.5,1
STU-1490,Batch 2024,Male,Civil,69.9,70.7,7.34,0,0,20,58.6,3.3,2,2.4,1,2,1,0,1,3,188,0,500,4.4,1
STU-1491,Batch 2024,Male,Electronics,82.2,74.5,8.74,0,0,23,70.7,2.4,1,2.6,1,3,2,0,0,3,386,2,500,3.0,1
STU-1492,Batch 2023,Male,Electronics,73.3,75.3,5.25,0,0,68,49.1,4.7,3,3.8,3,9,1,0,0,3,37,2,500,3.8,1
STU-1493,Batch 2023,Male,Information Tech,77.9,53.9,7.56,1,1,37,68.2,4.1,2,2.6,1,2,0,0,0,6,330,50,274,4.0,0
STU-1494,Batch 2024,Male,Computer Science,83.5,74.8,5.4,0,1,31,94.6,4.2,0,3.1,0,0,1,2,0,3,23,5,500,2.9,0
STU-1495,Batch 2024,Male,Computer Science,78.1,67.4,8.24,0,0,114,82.3,3.2,2,3.2,1,3,1,0,0,6,44,5,372,3.5,1
STU-1496,Batch 2024,Male,Computer Science,73.6,69.6,7.3,0,1,116,91.0,2.0,2,1.5,0,0,3,0,2,3,10,0,457,3.5,1
STU-1497,Batch 2023,Male,Computer Science,76.9,90.9,7.86,0,1,191,73.5,5.0,4,1.9,1,2,0,3,2,1,27,2,345,3.2,1
STU-1498,Batch 2025,Female,Electronics,77.1,61.2,6.45,1,1,59,84.3,3.4,0,3.5,2,12,2,0,0,1,449,0,313,5.0,0
STU-1499,Batch 2025,Male,Information Tech,74.3,83.9,8.81,0,0,8,57.9,2.8,1,2.5,1,6,2,1,0,1,111,0,285,3.0,0
STU-1500,Batch 2025,Female,Computer Science,75.4,71.9,8.55,0,0,35,59.0,3.7,3,4.2,1,3,1,0,0,6,15,15,291,4.4,1
STU-1501,Batch 2024,Male,Civil,94.0,71.9,8.04,0,1,430,30.0,4.3,3,4.1,1,2,2,0,0,20,578,0,405,3.3,1
STU-1502,Batch 2024,Male,Mechanical,83.6,83.7,7.26,0,1,100,84.6,3.4,2,3.8,0,0,0,2,0,3,380,15,371,2.7,0
STU-1503,Batch 2025,Male,Civil,75.0,78.7,8.04,0,0,136,89.6,4.4,2,4.8,0,0,3,0,0,3,253,0,316,3.7,1
STU-1504,Batch 2025,Male,Civil,85.0,81.3,6.62,0,0,1,60.3,4.3,0,3.1,1,2,1,0,0,1,488,5,500,4.1,1
STU-1505,Batch 2023,Male,Computer Science,74.7,85.7,8.34,0,0,80,64.4,2.5,2,3.8,1,2,0,0,0,6,45,0,20,4.3,0
STU-1506,Batch 2025,Female,Information Tech,89.7,71.4,9.21,1,1,4,57.4,2.9,1,2.7,1,3,2,0,0,1,326,0,391,4.8,0
STU-1507,Batch 2025,Male,Electronics,81.7,68.3,8.58,0,0,93,73.4,4.2,1,5.0,0,0,1,0,0,6,211,0,420,5.0,1
STU-1508,Batch 2025,Female,Electronics,76.9,63.1,6.6,0,1,279,83.7,1.2,3,5.0,1,3,1,0,1,12,367,2,481,3.8,1
STU-1509,Batch 2025,Female,Computer Science,82.5,65.9,7.8,0,0,380,43.6,3.3,1,3.2,1,6,1,0,0,1,287,0,311,3.1,1
STU-1510,Batch 2024,Male,Mechanical,62.3,97.0,5.98,1,1,86,73.7,2.3,2,3.5,1,2,0,1,0,6,77,2,349,4.0,0
STU-1511,Batch 2024,Male,Computer Science,66.7,88.7,8.03,0,0,67,64.1,3.0,3,4.4,1,6,1,0,0,1,268,0,458,3.4,1
STU-1512,Batch 2025,Female,Computer Science,66.1,60.1,7.9,0,0,319,69.6,3.2,1,3.1,1,2,2,0,0,3,55,0,500,4.3,1
STU-1513,Batch 2025,Male,Information Tech,79.4,60.5,5.34,3,3,123,74.4,3.1,4,2.6,1,6,0,0,0,1,72,0,278,2.6,0
STU-1514,Batch 2023,Male,Information Tech,95.3,80.3,6.12,2,2,7,65.4,3.0,4,4.0,0,0,0,2,0,3,21,0,357,5.0,0
STU-1515,Batch 2023,Other,Information Tech,98.0,81.0,7.09,0,1,69,66.5,2.5,2,3.3,2,4,0,2,2,1,492,5,500,4.3,1
STU-1516,Batch 2024,Male,Computer Science,84.4,81.0,7.07,0,1,30,65.0,5.0,1,3.4,0,0,1,1,0,3,62,5,23,2.3,0
STU-1517,Batch 2025,Female,Mechanical,83.0,72.2,6.07,0,0,70,81.6,4.9,1,2.4,3,6,1,2,0,3,132,0,223,3.0,1
STU-1518,Batch 2025,Other,Computer Science,60.0,73.6,7.83,0,1,67,73.9,2.5,2,1.7,0,0,2,0,0,3,89,2,500,4.3,1
STU-1519,Batch 2023,Male,Computer Science,72.6,78.6,7.68,1,1,96,71.1,4.7,1,3.4,0,0,2,0,2,6,579,2,473,4.5,1
STU-1520,Batch 2024,Male,Mechanical,70.1,75.9,7.19,0,0,49,50.2,3.1,1,4.0,2,4,1,1,1,12,73,0,393,2.6,0
STU-1521,Batch 2024,Male,Civil,71.8,50.6,6.57,0,0,20,62.7,3.5,4,3.0,0,0,0,1,1,3,271,0,257,4.2,0
STU-1522,Batch 2025,Male,Mechanical,76.3,72.5,8.55,0,0,77,80.6,3.3,1,4.5,1,2,2,0,0,1,348,2,197,2.0,1
STU-1523,Batch 2025,Male,Mechanical,73.3,65.6,9.22,0,1,195,68.5,2.9,2,2.6,1,2,2,0,2,3,103,0,237,3.5,0
STU-1524,Batch 2025,Female,Electronics,58.2,76.9,6.87,0,0,120,77.2,4.2,0,2.3,2,6,1,3,0,12,86,0,500,4.5,1
STU-1525,Batch 2024,Male,Information Tech,85.5,97.0,6.73,0,0,45,92.7,3.5,2,3.1,3,9,1,1,0,6,248,0,232,3.2,1
STU-1526,Batch 2024,Male,Computer Science,67.3,79.0,7.94,0,0,302,82.5,3.0,3,3.1,0,0,2,0,1,3,439,2,334,2.4,1
STU-1527,Batch 2023,Other,Information Tech,80.4,71.6,7.01,0,0,268,69.3,2.4,1,3.9,1,6,1,1,2,1,253,0,214,3.7,1
STU-1528,Batch 2023,Female,Information Tech,98.0,85.1,7.25,0,0,26,60.8,2.7,1,2.5,0,0,0,0,0,3,46,0,438,3.1,0
STU-1529,Batch 2025,Female,Computer Science,68.8,80.3,8.21,0,0,4,32.3,2.1,2,4.4,0,0,1,0,0,3,395,0,245,4.1,0
STU-1530,Batch 2025,Male,Electronics,52.7,79.6,5.3,1,1,149,65.6,3.4,2,5.0,2,4,0,0,0,12,88,0,306,2.9,0
STU-1531,Batch 2025,Female,Information Tech,75.1,81.7,8.85,0,0,193,63.4,2.4,2,3.2,0,0,0,0,0,12,155,0,84,3.0,1
STU-1532,Batch 2025,Male,Computer Science,89.0,97.0,7.48,0,1,378,73.5,3.2,1,4.3,1,2,1,0,0,1,320,5,94,2.0,1
STU-1533,Batch 2024,Male,Computer Science,97.6,62.6,6.95,1,1,243,65.8,4.5,1,2.2,1,6,0,1,2,3,38,0,321,3.7,1
STU-1534,Batch 2025,Male,Electronics,65.7,80.2,7.3,0,0,101,63.5,4.4,4,4.2,1,3,0,0,0,3,276,2,134,3.5,1
STU-1535,Batch 2025,Female,Computer Science,83.0,64.8,7.36,0,0,83,43.1,3.4,3,4.1,3,18,0,0,1,3,163,0,500,2.6,1
STU-1536,Batch 2025,Male,Mechanical,73.3,81.1,5.5,2,2,3,54.8,3.3,2,4.0,0,0,1,0,1,12,403,2,31,3.8,0
STU-1537,Batch 2023,Male,Information Tech,76.9,64.9,9.04,1,1,31,74.7,4.9,3,3.2,1,6,2,0,0,3,34,2,208,4.4,0
STU-1538,Batch 2024,Male,Information Tech,98.0,70.4,7.45,0,0,68,92.0,3.8,2,1.0,2,12,3,2,1,3,98,0,322,3.4,1
STU-1539,Batch 2023,Male,Information Tech,63.0,71.8,7.89,1,2,109,66.6,3.1,2,2.6,1,2,0,1,0,3,322,5,269,3.8,1
STU-1540,Batch 2025,Female,Mechanical,80.5,85.7,8.45,0,0,90,72.6,2.3,1,2.6,0,0,1,3,0,12,10,0,165,3.8,1
STU-1541,Batch 2024,Female,Computer Science,82.7,85.1,6.28,0,1,149,81.3,3.7,2,2.3,1,2,2,3,0,6,21,5,186,2.6,1
STU-1542,Batch 2023,Female,Electronics,88.9,61.3,7.92,1,2,36,56.6,4.1,2,3.3,0,0,0,0,0,3,839,0,181,5.0,1
STU-1543,Batch 2025,Male,Information Tech,79.0,75.6,7.11,0,0,92,73.1,2.9,0,2.8,0,0,1,0,1,3,59,50,280,3.2,0
STU-1544,Batch 2024,Male,Computer Science,81.1,67.2,8.33,0,0,10,57.6,3.6,2,2.5,2,6,2,2,2,3,668,2,500,4.1,1
STU-1545,Batch 2024,Male,Mechanical,74.1,61.2,5.06,0,0,59,80.1,3.1,2,2.2,1,3,0,3,0,20,36,15,331,4.2,0
STU-1546,Batch 2023,Male,Electronics,80.7,72.6,7.29,0,1,153,70.1,3.3,2,2.6,2,12,2,1,1,3,81,2,486,3.5,1
STU-1547,Batch 2025,Male,Electronics,74.6,71.6,6.74,1,2,130,72.2,1.4,2,4.2,1,6,2,1,0,3,252,0,391,4.1,1
STU-1548,Batch 2024,Female,Mechanical,84.2,97.0,7.88,0,0,514,57.0,3.2,3,2.6,1,2,0,1,1,3,193,2,476,3.8,1
STU-1549,Batch 2025,Male,Mechanical,74.3,79.8,7.92,0,0,36,77.9,4.2,0,2.7,0,0,0,0,0,6,157,5,20,2.5,0
STU-1550,Batch 2024,Male,Electronics,81.8,59.8,6.62,0,0,76,97.2,2.9,2,2.8,0,0,0,0,0,3,136,15,277,3.3,0
STU-1551,Batch 2025,Male,Mechanical,77.7,68.8,6.62,0,1,44,53.9,3.4,2,3.5,0,0,0,1,0,1,334,0,500,3.1,0
STU-1552,Batch 2024,Male,Electronics,89.3,86.2,7.28,0,1,64,63.2,2.8,2,3.6,2,6,1,1,0,6,48,2,240,3.2,0
STU-1553,Batch 2024,Male,Electronics,77.5,97.0,6.41,0,0,214,71.2,3.7,1,1.0,0,0,1,0,0,6,105,0,500,2.6,1
STU-1554,Batch 2025,Female,Electronics,60.3,57.6,8.33,0,0,127,79.0,3.2,1,4.1,0,0,0,0,2,6,30,2,500,4.5,0
STU-1555,Batch 2024,Female,Electronics,90.6,54.3,6.99,1,1,235,60.2,2.6,3,4.5,1,6,2,0,0,12,163,0,254,4.9,0
STU-1556,Batch 2023,Female,Computer Science,68.9,95.6,5.0,3,3,25,30.0,4.5,2,2.3,0,0,0,0,2,3,52,0,250,4.4,0
STU-1557,Batch 2023,Male,Mechanical,71.5,79.3,6.99,0,1,227,87.0,4.1,3,2.3,0,0,0,2,1,1,73,15,178,4.6,1
STU-1558,Batch 2025,Male,Mechanical,72.0,65.4,6.26,2,2,7,78.6,2.9,2,2.8,1,3,0,0,0,20,115,0,232,3.3,0
STU-1559,Batch 2024,Male,Computer Science,91.7,80.9,5.61,2,2,241,43.6,3.8,2,2.5,0,0,1,0,0,3,10,2,147,3.1,0
STU-1560,Batch 2025,Male,Mechanical,56.6,48.0,6.04,2,2,44,59.5,3.8,3,3.4,0,0,1,0,1,6,17,2,380,3.0,0
STU-1561,Batch 2023,Female,Computer Science,98.0,75.0,7.52,0,1,42,90.0,3.9,2,1.4,0,0,0,1,0,6,208,0,116,4.1,1
STU-1562,Batch 2023,Male,Computer Science,88.6,78.6,8.86,0,0,79,88.3,2.0,1,2.2,1,2,0,0,0,3,101,0,405,3.8,0
STU-1563,Batch 2023,Male,Electronics,80.2,85.2,7.74,0,0,311,81.1,4.2,2,4.6,1,2,2,0,0,3,360,2,408,3.5,1
STU-1564,Batch 2024,Male,Computer Science,77.5,63.8,6.73,1,1,5,65.5,2.9,3,2.4,0,0,3,0,0,6,214,0,87,4.6,0
STU-1565,Batch 2024,Male,Mechanical,80.9,75.9,7.9,0,1,48,69.2,3.1,1,4.3,1,3,0,0,2,12,10,5,500,3.9,1
STU-1566,Batch 2024,Female,Mechanical,83.2,64.8,6.9,0,1,214,66.2,5.0,1,3.5,0,0,0,0,0,6,173,15,392,2.9,0
STU-1567,Batch 2024,Male,Information Tech,84.5,77.8,6.64,0,0,55,83.8,3.6,0,1.6,2,4,1,0,0,3,18,0,425,3.1,1
STU-1568,Batch 2025,Male,Computer Science,83.6,65.2,6.13,0,0,24,55.7,3.1,3,3.8,0,0,1,2,0,1,273,0,214,4.1,0
STU-1569,Batch 2024,Male,Computer Science,78.9,70.5,5.47,1,1,61,56.7,1.6,0,3.1,1,6,0,0,1,1,858,0,407,4.4,0
STU-1570,Batch 2024,Male,Electronics,76.0,64.0,6.97,0,0,54,82.1,4.5,2,2.8,2,4,2,0,1,3,136,2,478,4.0,1
STU-1571,Batch 2025,Female,Civil,76.5,82.2,7.57,0,0,272,67.4,2.3,2,3.4,1,6,1,1,0,3,207,0,306,5.0,1
STU-1572,Batch 2024,Female,Electronics,76.1,84.4,7.29,0,1,158,87.3,2.6,2,3.6,0,0,1,0,0,20,49,0,500,4.9,1
STU-1573,Batch 2024,Female,Computer Science,89.3,72.4,6.94,0,0,77,58.6,3.1,2,3.8,0,0,1,1,0,6,104,2,326,4.0,0
STU-1574,Batch 2025,Female,Electronics,83.9,75.4,6.36,2,3,490,67.2,4.5,0,4.3,1,2,3,0,0,6,349,15,480,2.9,0
STU-1575,Batch 2025,Male,Information Tech,50.0,59.1,8.07,0,0,69,55.1,4.0,2,3.6,0,0,2,0,0,3,33,0,361,2.6,0
STU-1576,Batch 2023,Female,Electronics,84.6,71.7,5.95,0,0,7,68.1,3.3,2,2.0,1,2,0,1,2,1,56,0,402,3.3,0
STU-1577,Batch 2025,Male,Computer Science,79.9,74.4,8.25,0,0,33,47.3,3.6,3,2.8,1,2,0,2,0,20,106,15,86,4.2,1
STU-1578,Batch 2024,Male,Electronics,77.8,97.0,6.3,3,3,63,61.2,2.9,1,5.0,1,3,1,0,0,3,224,2,372,5.0,0
STU-1579,Batch 2023,Female,Information Tech,74.1,62.8,6.57,0,0,19,47.9,3.5,3,3.9,0,0,0,0,1,1,85,2,217,3.9,0
STU-1580,Batch 2024,Male,Civil,89.2,91.1,5.79,1,1,324,77.7,3.5,2,5.0,1,3,1,0,0,3,473,2,202,4.5,1
STU-1581,Batch 2025,Female,Computer Science,87.5,86.0,6.85,0,0,160,78.0,4.2,3,4.5,1,3,2,2,0,12,18,15,500,3.4,0
STU-1582,Batch 2024,Male,Electronics,70.3,78.1,8.47,0,0,34,43.8,4.2,2,3.4,2,4,1,2,0,12,83,2,290,4.1,1
STU-1583,Batch 2024,Female,Civil,82.1,94.3,7.97,0,0,98,86.7,3.8,2,3.5,0,0,3,0,0,1,222,5,180,4.3,1
STU-1584,Batch 2024,Female,Computer Science,68.3,79.1,8.48,0,1,141,98.0,3.1,3,3.2,0,0,0,0,2,12,46,2,270,2.0,1
STU-1585,Batch 2023,Female,Civil,64.2,79.3,7.97,0,0,312,68.6,4.0,3,1.6,0,0,2,0,0,3,192,2,138,3.3,1
STU-1586,Batch 2023,Female,Electronics,71.7,74.4,6.19,2,3,235,59.0,3.3,2,3.2,0,0,2,0,0,1,32,0,500,4.4,1
STU-1587,Batch 2023,Female,Computer Science,86.6,88.5,7.04,0,0,80,98.0,2.5,1,4.3,1,2,0,0,0,12,10,0,223,3.8,1
STU-1588,Batch 2023,Male,Computer Science,87.5,87.1,6.54,0,0,164,49.5,3.1,1,2.7,2,6,1,0,2,12,23,2,394,2.6,0
STU-1589,Batch 2023,Male,Electronics,83.1,68.1,8.86,0,0,91,68.3,3.5,1,3.6,0,0,0,1,0,6,479,0,500,1.7,1
STU-1590,Batch 2023,Male,Computer Science,85.3,60.5,6.08,1,2,88,70.5,4.1,1,4.0,2,4,2,2,0,6,144,2,250,3.3,0
STU-1591,Batch 2024,Female,Information Tech,83.2,72.8,8.38,0,0,13,86.8,3.3,1,2.4,0,0,1,3,2,12,286,0,394,3.5,1
STU-1592,Batch 2023,Male,Computer Science,71.6,66.2,8.38,0,0,15,73.0,2.4,3,2.8,0,0,0,0,0,6,73,5,176,2.9,1
STU-1593,Batch 2024,Female,Electronics,82.3,74.3,9.41,0,0,83,61.0,3.4,0,2.3,0,0,1,0,1,12,162,0,500,3.7,0
STU-1594,Batch 2025,Male,Computer Science,86.0,88.6,6.95,1,1,34,54.7,3.5,2,2.5,0,0,1,2,0,6,123,5,451,4.0,0
STU-1595,Batch 2024,Male,Mechanical,85.5,70.0,8.18,0,0,2,63.2,3.5,1,2.0,2,6,0,0,0,20,525,2,293,4.1,1
STU-1596,Batch 2025,Female,Civil,89.9,74.5,9.9,0,0,141,53.9,4.1,1,2.4,0,0,0,1,0,20,248,0,212,1.7,1
STU-1597,Batch 2023,Male,Civil,85.1,75.6,6.72,1,1,4,68.7,4.2,0,4.5,1,2,1,0,0,1,236,2,304,2.5,0
STU-1598,Batch 2023,Male,Electronics,81.5,84.3,5.71,2,3,100,60.1,2.9,1,2.4,1,3,1,0,0,12,10,0,272,3.4,0
STU-1599,Batch 2023,Male,Computer Science,88.7,50.3,5.33,2,2,85,47.1,2.9,2,3.3,2,4,2,0,0,3,144,0,500,4.1,0
